-- --------------------------------------------------------
-- 호스트:                          127.0.0.1
-- 서버 버전:                        10.6.20-MariaDB - mariadb.org binary distribution
-- 서버 OS:                        Win64
-- HeidiSQL 버전:                  12.8.0.6908
-- --------------------------------------------------------

/*!40101 SET @OLD_CHARACTER_SET_CLIENT=@@CHARACTER_SET_CLIENT */;
/*!40101 SET NAMES utf8 */;
/*!50503 SET NAMES utf8mb4 */;
/*!40103 SET @OLD_TIME_ZONE=@@TIME_ZONE */;
/*!40103 SET TIME_ZONE='+00:00' */;
/*!40014 SET @OLD_FOREIGN_KEY_CHECKS=@@FOREIGN_KEY_CHECKS, FOREIGN_KEY_CHECKS=0 */;
/*!40101 SET @OLD_SQL_MODE=@@SQL_MODE, SQL_MODE='NO_AUTO_VALUE_ON_ZERO' */;
/*!40111 SET @OLD_SQL_NOTES=@@SQL_NOTES, SQL_NOTES=0 */;

-- 테이블 데이터 kkomoadopt.adoption_notice:~82 rows (대략적) 내보내기
INSERT IGNORE INTO `adoption_notice` (`notice_uid`, `adopt_status`, `adoption_author`, `animal_type`, `announcement_num`, `euthanasia_date`, `impossible_reason`, `notice_category`, `notice_content`, `notice_created_at`, `notice_img_url`, `notice_title`, `notice_updated_at`, `notice_view_count`, `unique_num`) VALUES
	('010cc24d-b025-4f18-83d3-e743c30ec782', 'ADOPTABLE', '관리자', '믹스견', '2024-36784', '2025-05-15', 'NULL', 'DOG', '◉품종: 믹스견\n◉털색: 검정색\n◉체중: 1kg\n◉나이: 4개월\n◉발견장소: 인천 연수구\n◉특징: 활발하고 사람을 좋아하는 성격, 활동적인 가정에 적합', '2024-12-03 14:30:00.000000', '["http://localhost:8080/upload/5dd42790-4581-4892-ae49-316d17459310.jpg", "http://localhost:8080/upload/185a74cf-d8cf-41eb-b45f-9de9f339baee.jpg", "http://localhost:8080/upload/661d4553-4b02-4978-8199-fad356fa57fe.jpg", "http://localhost:8080/upload/af730270-71ef-4031-86ef-efb51ac95d80.jpg"]', '4개월/믹스견/활발한 성격', '2024-12-03 14:45:00.000000', 250, 441560202401393),
	('02f337f7-1206-4b55-8116-14290b6ddd3c', 'RESERVATION', '관리자', '믹스묘', '2024-84502', '2025-09-01', 'NULL', 'CAT', '◉품종 : 믹스묘\n◉털색 : 갈색과 흰색\n◉체중 : 5.0kg\n◉나이 : 5세\n◉발견장소 : 대전광역시\n◉특징 : 친화력이 뛰어나며 가족과 잘 어울림', '2024-12-01 13:00:00.000000', '["http://localhost:8080/upload/6f18f00a-d092-4cf7-a0e1-19ae9a74579f.jpg", "http://localhost:8080/upload/d4a2b3e6-093b-4544-9482-32abd2dd834c.jpg", "http://localhost:8080/upload/e5869e9b-e16e-49c1-b550-b4b83fb69c03.jpg", "http://localhost:8080/upload/f3db913a-5405-4235-9ddb-21786d002707.jpg"]', '5세/믹스묘/친화력 좋음', '2024-12-02 15:00:00.000000', 650, 441560202401004),
	('042bb3aa-ce3a-449c-993f-843fdf4b0826', 'RESERVATION', '관리자', '믹스견', '2024-67504', '2025-10-15', 'NULL', 'DOG', '◉품종: 믹스견\n◉털색: 갈색\n◉체중: 1kg\n◉나이: 8개월\n◉발견장소: 경기 수원시\n◉특징: 조용하고 차분한 성격', '2024-12-03 16:00:00.000000', '["http://localhost:8080/upload/84d3deb6-767e-4ab6-8970-15ff1780e3ce.jpg", "http://localhost:8080/upload/13065c33-6781-4457-b941-3c5b0461a4f8.jpg", "http://localhost:8080/upload/b50e1534-994e-466e-ae73-c97855fae87d.jpg", "http://localhost:8080/upload/d8a1349b-ddb6-4d60-b39b-12f7455c1a25.jpg"]', '8개월/믹스견/조용한 성격', '2024-12-03 16:30:00.000000', 500, 441560202401398),
	('06d5c9ad-c3c2-473f-86c5-d8457671beb8', 'ADOPTABLE', '관리자', '믹스묘', '2024-57640', '2025-04-12', 'NULL', 'CAT', '◉품종 : 믹스묘\n\n◉털색 : 흰색과 회색\n\n◉체중 : 2.4kg\n\n◉나이 : 1세\n\n◉발견장소 : 경기도 용인시\n\n◉특징 : 활발하고 사람을 좋아하는 성격', '2024-12-03 17:00:00.000000', '["http://localhost:8080/upload/94e29692-5efe-46eb-aa83-2eab5937d54c.jpg", "http://localhost:8080/upload/3983612d-bac8-499e-9480-b2fdaad657cc.jpg", "http://localhost:8080/upload/50096309-fe14-4d42-9716-631eaf56e6da.jpg", "http://localhost:8080/upload/f11fe92a-8a0c-4dfa-a99b-e79175d226bc.jpg"]', '1세/믹스묘/활발함', '2024-12-03 17:05:00.000000', 256, 441560202401400),
	('0a6e7c55-395d-483d-9219-5c9a4eb01b94', 'ADOPTABLE', '관리자', '믹스묘', '2024-39802', '2025-05-18', 'NULL', 'CAT', '◉품종 : 믹스묘\n\n◉털색 : 노란색과 흰색\n\n◉체중 : 5.0kg\n\n◉나이 : 3세\n\n◉발견장소 : 서울시 동대문구\n\n◉특징 : 유순하고 친근한 성격', '2024-12-03 18:00:00.000000', '["http://localhost:8080/upload/971300aa-47d3-4970-93f2-bcb3150e3788.jpg", "http://localhost:8080/upload/a4ed3156-c70e-479b-bf93-5226654a4d2c.jpg", "http://localhost:8080/upload/b5e39717-5e6e-4b92-852d-491528841bc8.jpg", "http://localhost:8080/upload/c936fd63-6ce0-4817-9e1d-f63ac47a0210.jpg"]', '3세/믹스묘/유순함', '2024-12-03 18:10:00.000000', 529, 441560202401401),
	('0d6d6d0b-01cf-4aba-9e3d-ee1974d9c2ac', 'RESERVATION', '관리자', '여우 다람쥐', '2024-01012', '2025-06-10', 'NULL', 'OTHERS', '◉품종 : 여우 다람쥐\n\n◉몸색 : 오렌지와 갈색 혼합\n\n◉체중 : 350g\n\n◉나이 : 1세\n\n◉발견장소 : 경기도 고양시\n\n◉특징 : 소심하고 조용하지만 사람을 피하지 않음', '2024-12-02 09:30:00.000000', '["http://localhost:8080/upload/9a32a96d-e034-4e77-a0e9-7ae9a27d57d9.jpg", "http://localhost:8080/upload/46c6119c-d5f9-4fdb-9030-f67a203969ad.jpg", "http://localhost:8080/upload/44330078-6bab-4fab-8082-44e8a005ccaf.jpg", "http://localhost:8080/upload/fc9b22bb-00da-4a17-b8ae-c1e67b5c24a0.jpg"]', '1세/다람쥐/성격 소심', '2024-12-03 11:00:00.000000', 300, 441560202401394),
	('12d69d08-7f49-47dc-8423-9f0598515e01', 'ADOPTABLE', '관리자', '비글', '2024-50628', '2025-07-20', 'NULL', 'DOG', '◉품종: 비글\n◉털색: 흰색과 갈색\n◉체중: 10kg\n◉나이: 2세\n◉발견장소: 경기도 수원시\n◉특징: 뛰어다니기를 좋아하는 활발한 성격', '2024-12-01 10:00:00.000000', '["http://localhost:8080/upload/183f8aa3-afc8-4d73-96e3-2b18d707f968.jpg", "http://localhost:8080/upload/b589b0e7-c7fd-4393-8359-79b5cd4c1919.jpg", "http://localhost:8080/upload/c65c7b89-a17a-4c56-8627-aa7254534b26.jpg", "http://localhost:8080/upload/e302d487-65fc-4908-9173-1e800762e693.jpg"]', '2세/비글/활발한 성격', '2024-12-02 10:30:00.000000', 230, 441560202401395),
	('13fc2c08-986d-4188-a944-e70346962483', 'RESERVATION', '관리자', '술카타 거북', '2024-01013', '2025-06-10', 'NULL', 'OTHERS', '◉품종 : 술카타 거북\n\n◉몸색 : 노란색과 갈색 혼합\n\n◉체중 : 3kg\n\n◉나이 : 4세\n\n◉발견장소 : 제주도 서귀포\n\n◉특징 : 매우 활발하고 사교적임, 큰 크기', '2024-12-03 08:30:00.000000', '["http://localhost:8080/upload/64fe5b6a-82a0-4701-8424-39746b17da59.jpg", "http://localhost:8080/upload/43980b27-7433-4545-bc30-5d01f3e33c0b.jpg", "http://localhost:8080/upload/fa7cfeac-7cc9-474d-b2fc-e5d5a6fc71b7.jpg", "http://localhost:8080/upload/fa14141a-90ea-48e0-a554-5b29572ae927.jpg"]', '4세/거북이/활발한 성격', '2024-12-04 09:00:00.000000', 180, 441560202401394),
	('14548b1d-84a3-443d-840e-1cb2cdc70d24', 'ADOPTABLE', '관리자', '믹스묘', '2024-56742', '2025-06-01', 'NULL', 'CAT', '◉품종 : 믹스묘\n◉털색 : 흰색과 회색\n◉체중 : 4.0kg\n◉나이 : 3세\n◉발견장소 : 대전시 서구\n◉특징 : 온순한 성격, 가족과 잘 어울림', '2024-12-02 14:00:00.000000', '["http://localhost:8080/upload/9f07b489-0a2a-46a7-a9b1-3231236858bd.jpg", "http://localhost:8080/upload/6226a030-cbf3-43ad-a248-82434b734164.jpg", "http://localhost:8080/upload/d34bc4c7-87ea-4a7d-a173-05474654dbf4.jpg", "http://localhost:8080/upload/ecdf1508-7a34-43d1-a601-9ea6507d3320.jpg"]', '3세/믹스묘/온순한 성격', '2024-12-02 15:00:00.000000', 480, 441560202401015),
	('1e968fc7-6d44-4bf8-9431-b02bccf7277a', 'ADOPTABLE', '관리자', '믹스묘', '2024-29841', '2025-08-01', 'NULL', 'CAT', '◉품종 : 믹스묘\n\n◉털색 : 갈색\n\n◉체중 : 4.2kg\n\n◉나이 : 2세\n\n◉발견장소 : 대전광역시 서구\n\n◉특징 : 차분하고 온순한 성격', '2024-12-03 12:00:00.000000', '["http://localhost:8080/upload/14c223fe-d9e6-444f-b963-e22a3f1a986c.jpg", "http://localhost:8080/upload/1351058b-8aad-4d2a-8283-36cc31fc6178.jpg", "http://localhost:8080/upload/a3e3cddb-793f-4469-a25b-21c4b23746cb.jpg", "http://localhost:8080/upload/c0d59609-d807-4156-9f9a-8505514d9b65.jpg"]', '2세/믹스묘/차분함', '2024-12-03 12:10:00.000000', 732, 441560202401395),
	('2f9215f9-0de3-4cc8-94da-5dedfb5611a1', 'RESERVATION', '관리자', '미니어처 돼지', '2024-01014', '2025-06-15', 'NULL', 'OTHERS', '◉품종 : 미니어처 돼지\n\n◉몸색 : 분홍색\n\n◉체중 : 18kg\n\n◉나이 : 3세\n\n◉발견장소 : 경기도 부천시\n\n◉특징 : 호기심이 많고 장난을 좋아함', '2024-12-02 12:00:00.000000', '["http://localhost:8080/upload/0a4f3f6e-2099-44c7-834c-905b02f7020b.jpg", "http://localhost:8080/upload/0faacf75-a73d-4d83-83bc-5477b388b39a.jpg", "http://localhost:8080/upload/7959a803-2219-43c9-942c-96aff28c0ef6.jpg", "http://localhost:8080/upload/c11f54cf-064d-4bb0-915d-e9d604562bab.jpg"]', '3세/돼지/성격 호기심 많은', '2024-12-03 13:00:00.000000', 200, 441560202401396),
	('34ec5451-0889-45ae-b4ec-2543ac037a75', 'ADOPTABLE', '관리자', '도베르만', '2024-17052', '2025-06-01', 'NULL', 'DOG', '◉품종 : 도베르만\n◉털색 : 검정색과 갈색\n◉체중 : 30kg\n◉나이 : 7세\n◉발견장소 : 서울 강남구\n◉특징 : 조용하고 차분한 성격', '2024-12-03 14:00:00.000000', '["http://localhost:8080/upload/3e5563d6-557a-4443-bfe5-a310862cb5ab.jpg", "http://localhost:8080/upload/a5b97eb7-2c04-49b3-b6bb-b5aadc6e9cba.jpg", "http://localhost:8080/upload/b99ca88f-f567-4b8a-8062-66307cba3c95.jpg", "http://localhost:8080/upload/de67c30c-577d-4c1f-9fac-6eb17573a5d3.jpg"]', '7세/도베르만/조용한 성격', '2024-12-03 14:30:00.000000', 260, 441560202401408),
	('352b82dc-361c-40d9-8c0e-909a646c799d', 'ADOPTABLE', '관리자', '믹스묘', '2024-68490', '2025-10-20', 'NULL', 'CAT', '◉품종 : 믹스묘\n\n◉털색 : 황토색\n\n◉체중 : 3.0kg\n\n◉나이 : 6세\n\n◉발견장소 : 인천광역시 부평구\n\n◉특징 : 사교적이고 사람들과 잘 어울리는 성격', '2024-12-03 15:00:00.000000', '["http://localhost:8080/upload/3ffb4dd7-edf1-4115-bb70-a5bc2e411a28.jpg", "http://localhost:8080/upload/4a06c539-88dc-4b0b-9b43-cd11ec15e7c3.jpg", "http://localhost:8080/upload/93212074-5f4a-412e-b17f-a7aec68dcb8d.jpg", "http://localhost:8080/upload/da3e0d32-6c09-4723-9813-79bb827c458c.jpg"]', '6세/믹스묘/사교적', '2024-12-03 15:05:00.000000', 789, 441560202401398),
	('37b80309-38f3-4c4a-9bcd-20394e6f7829', 'ADOPTABLE', '관리자', '믹스견', '2024-62458', '2025-12-20', 'NULL', 'DOG', '◉품종: 믹스견\n◉털색: 흰색\n◉체중: 7kg\n◉나이: 3세\n◉발견장소: 서울 성북구\n◉특징: 애교가 많고 사람을 좋아하는 성격', '2024-12-03 19:00:00.000000', '["http://localhost:8080/upload/3866e3e3-9668-4f99-b578-567789c59dae.jpg","http://localhost:8080/upload/aff7ed7e-c973-4d21-80a7-cc2d19a7bed9.jpg","http://localhost:8080/upload/b8b13c3d-d21d-4838-a46c-e4ac143f7006.jpg","http://localhost:8080/upload/f7bdbe46-ae51-499d-95b9-20988d8aa480.jpg"]', '3세/믹스견/애교 많은 성격', '2024-12-03 19:30:00.000000', 402, 441560202401401),
	('3df0bd25-50f7-45d0-8c04-21120c235ce6', 'RESERVATION', '관리자', '유리 앵무', '2024-01015', '2025-07-20', 'NULL', 'OTHERS', '◉품종 : 유리 앵무\n\n◉몸색 : 화려한 파란색과 초록색\n\n◉체중 : 0.5kg\n\n◉나이 : 5세\n\n◉발견장소 : 부산 해운대구\n\n◉특징 : 조용하고 차분한 성격', '2024-12-02 12:00:00.000000', '["http://localhost:8080/upload/4c88c227-97a7-4ca1-bad3-72a3f6bbef1b.jpg", "http://localhost:8080/upload/5a7c87ff-12a4-4cef-ba71-3cfd376a1fec.jpg", "http://localhost:8080/upload/205aace1-4ce4-4975-bae2-ce98eb6e1801.jpg", "http://localhost:8080/upload/dd9a9c1d-442a-4c53-ae20-90cd494b2b49.jpg"]', '5세/앵무새/성격 조용함', '2024-12-03 13:00:00.000000', 250, 441560202401402),
	('42d34cdb-d2c2-444f-80c1-c404b0db7c24', 'ADOPTABLE', '관리자', '믹스묘', '2024-90562', '2025-05-30', 'NULL', 'CAT', '◉품종 : 믹스묘\n\n◉털색 : 갈색과 흰색\n\n◉체중 : 4.0kg\n\n◉나이 : 4세\n\n◉발견장소 : 서울시 마포구\n\n◉특징 : 조용하고 사람을 좋아하는 성격', '2024-12-03 14:00:00.000000', '["http://localhost:8080/upload/5a5e1b78-88c2-4165-85d4-24f1e8587265.jpg", "http://localhost:8080/upload/60bc24e4-1bbe-432a-8d19-853d03baa073.jpg", "http://localhost:8080/upload/cf612b3b-b044-4fed-8aa5-20a58ae5f76e.jpg", "http://localhost:8080/upload/f39095bb-eb01-4373-a640-f1e9a99dc0bf.jpg"]', '4세/믹스묘/조용함', '2024-12-03 14:10:00.000000', 601, 441560202401397),
	('446c968c-2c2a-4983-8b1c-a9f9b096aa79', 'RESERVATION', '관리자', '믹스묘', '2024-37650', '2025-04-20', 'NULL', 'CAT', '◉품종 : 믹스묘\n◉털색 : 갈색과 회색\n◉체중 : 5.0kg\n◉나이 : 4세\n◉발견장소 : 부산시 해운대구\n◉특징 : 독립적인 성격, 혼자 시간을 보내는 것을 선호', '2024-12-02 12:00:00.000000', '["http://localhost:8080/upload/4f72fa63-02ea-4ade-a9b7-c7e8b934493f.jpg", "http://localhost:8080/upload/5a7f84f1-ae0e-409a-893c-178da8db66c1.jpg", "http://localhost:8080/upload/289321e6-9b41-4010-8970-666ccf949268.jpg", "http://localhost:8080/upload/887902b5-b368-4752-b78e-9a4ae1c0bcc6.jpg"]', '4세/믹스묘/독립적', '2024-12-02 13:00:00.000000', 230, 441560202401013),
	('4789ed97-fa0b-4398-9c75-baffef73c9d6', 'ADOPTABLE', '관리자', '믹스묘', '2024-41307', '2025-02-28', 'NULL', 'CAT', '◉품종 : 믹스묘\n◉털색 : 검정색과 흰색\n◉체중 : 5.2kg\n◉나이 : 5세\n◉발견장소 : 서울시 관악구\n◉특징 : 느긋한 성격, 조용한 환경에서 잘 지냄\n\n', '2024-12-02 09:00:00.000000', '["http://localhost:8080/upload/3a25a6eb-e9f3-4784-a7d6-d9a6ac16e68d.jpg", "http://localhost:8080/upload/9ee4c672-dbf5-4c18-b180-0cc19dadd337.jpg", "http://localhost:8080/upload/12fe2fdb-1393-4a46-af96-df592c2dcb88.jpg", "http://localhost:8080/upload/56f11dab-03a9-47e1-a21e-f6fb7aed0459.jpg"]', '5세/믹스묘/느긋함', '2024-12-02 10:00:00.000000', 120, 441560202401010),
	('4a2110f3-daf4-45fb-82ec-922dbac428e3', 'ADOPTABLE', '관리자', '믹스묘', '2024-92184', '2025-04-05', 'NULL', 'CAT', '◉품종 : 믹스묘\n◉털색 : 흰색과 검정색\n◉체중 : 3.3kg\n◉나이 : 2세\n◉발견장소 : 경기도 수원시\n◉특징 : 조용하고 침착한 성격, 사람과 잘 지냄', '2024-12-02 11:00:00.000000', '["http://localhost:8080/upload/8b83e579-574c-45f6-826d-014a46e43a8c.jpg", "http://localhost:8080/upload/13a988a5-532f-4a3f-8250-fee1e30ca1f8.jpg", "http://localhost:8080/upload/a0f34650-eb9d-4633-ad10-79ae079a5da0.jpg", "http://localhost:8080/upload/d85d0e95-b17b-4ae3-b223-a1e8364a2a80.jpg"]', '2세/믹스묘/조용하고 침착함', '2024-12-02 12:00:00.000000', 670, 441560202401012),
	('4ab2f348-6c91-454b-a054-0c4bb3e630f1', 'ADOPTABLE', '관리자', '믹스묘', '2024-59874', '2025-03-10', 'NULL', 'CAT', '◉품종 : 믹스묘\n◉털색 : 회색과 흰색\n◉체중 : 4.1kg\n◉나이 : 3세\n◉발견장소 : 서울시 강동구\n◉특징 : 장난꾸러기 성격, 활동적인 가정에 적합\n', '2024-12-02 10:00:00.000000', '["http://localhost:8080/upload/255f8fce-0d6c-40aa-bb7d-ed1bf64ad0cc.jpg", "http://localhost:8080/upload/661a0d66-0385-4587-bb33-b3162fe34309.jpg", "http://localhost:8080/upload/cba0d5a7-fe6e-4366-89e8-c055db4c5ab4.jpg", "http://localhost:8080/upload/d721f605-9f1d-49c8-913a-7e0154c4a58a.jpg"]', '3세/믹스묘/장난꾸러기', '2024-12-02 11:00:00.000000', 540, 441560202401011),
	('5153dff3-8d2a-49c1-b0fa-6b4c73ba38bd', 'ADOPTABLE', '관리자', '믹스견', '2024-84372', '2025-04-10', 'NULL', 'DOG', '◉품종 : 믹스견\n◉털색 : 흰색과 갈색\n◉체중 : 2kg\n◉나이 : 2개월\n◉발견장소 : 경기도 평택시\n◉특징 : 온순하고 차분한 성격', '2024-12-03 12:00:00.000000', '["http://localhost:8080/upload/4d92aa80-e1fd-4af7-a83a-4e49b86f8272.jpg", "http://localhost:8080/upload/37d85b27-cc78-42e0-afda-104b7fde3a94.jpg", "http://localhost:8080/upload/668a0598-22ca-4df9-afc2-3c243597e6fa.jpg", "http://localhost:8080/upload/60807c35-1c62-4fec-a18b-9a7f5dee41d3.jpg"]', '2개월/믹스견/온순한 성격', '2024-12-03 12:30:00.000000', 400, 441560202401406),
	('52acd9b7-3df4-4bdf-b54c-5a02285824e8', 'RESERVATION', '관리자', '믹스묘', '2024-14958', '2025-09-10', 'NULL', 'CAT', '◉품종 : 믹스묘\n\n◉털색 : 검정색\n\n◉체중 : 6.0kg\n\n◉나이 : 5세\n\n◉발견장소 : 경기도 수원시\n\n◉특징 : 온화하고 사람을 잘 따르는 성격', '2024-12-03 13:00:00.000000', '["http://localhost:8080/upload/16edae80-83d4-494d-a49f-09fadcb93dd0.jpg", "http://localhost:8080/upload/88d6149f-0587-4372-8356-306faec9561b.jpg", "http://localhost:8080/upload/3261de9f-7490-4562-bb0b-1142c1cbfa37.jpg", "http://localhost:8080/upload/efd49032-088d-4a04-9f1b-08ac9c42f493.jpg"]', '5세/믹스묘/온화함', '2024-12-03 13:05:00.000000', 865, 441560202401396),
	('5407cba9-ff51-48e5-a17b-be19b72f6b5c', 'ADOPTABLE', '관리자', '믹스견', '2024-28465', '2025-08-17', 'NULL', 'DOG', '◉품종: 믹스견\n◉털색: 검정과 흰색\n◉체중: 9kg\n◉나이: 3세\n◉발견장소: 서울 서대문구\n◉특징: 사교적이고 외향적인 성격', '2024-12-02 13:00:00.000000', '["http://localhost:8080/upload/5ca1433f-5080-4b22-969c-69e4a8875356.jpg", "http://localhost:8080/upload/53c270e7-d914-4401-a638-025aafed1649.jpg", "http://localhost:8080/upload/7640c5fd-d017-4e43-b226-479f82555869.jpg", "http://localhost:8080/upload/20973ade-a27d-4151-acff-5ed598432ff1.jpg"]', '3세/믹스견/사교적인 성격', '2024-12-03 13:30:00.000000', 205, 441560202401398),
	('55808cae-dc3a-4a2e-a417-db42489ec931', 'ADOPTABLE', '관리자', '믹스견', '2024-93204', '2025-02-12', 'NULL', 'DOG', '◉품종: 믹스견\n◉털색: 갈색\n◉체중: 5kg\n◉나이: 2세\n◉발견장소: 인천 남동구\n◉특징: 친근하고 사교적인 성격', '2024-12-03 22:00:00.000000', '["http://localhost:8080/upload/a7ca4ff1-72ee-451a-908e-b24d729d8c1c.jpg", "http://localhost:8080/upload/b0cad27f-48a5-4a6c-9695-291eb57675df.jpg", "http://localhost:8080/upload/c80d0b0a-ed46-475c-9b66-a2a58c5828e6.jpg", "http://localhost:8080/upload/c959f719-6ffb-4521-acb4-7e1d79600575.jpg"]', '1세/믹스견/친근한 성격', '2024-12-03 22:30:00.000000', 210, 441560202401404),
	('5d79519f-738c-442b-bd05-7cb2411da7b7', 'RESERVATION', '관리자', '믹스견', '2024-74103', '2025-12-02', 'NULL', 'DOG', '◉품종: 믹스견\n◉털색: 황갈색\n◉체중: 10kg\n◉나이: 2세\n◉발견장소: 인천 부평구\n◉특징: 차분하고 온화한 성격', '2024-12-03 18:00:00.000000', '["http://localhost:8080/upload/5a3ffef6-19e2-460f-b920-f2e4e1ff5381.jpg", "http://localhost:8080/upload/6dc4f83e-7c61-410c-bb02-738690ddd039.jpg", "http://localhost:8080/upload/280f3281-d65d-4826-b978-8566b283d52e.jpg", "http://localhost:8080/upload/d244dbf4-9f23-43c4-8fb2-4d22cf80bfe3.jpg"]', '2세/믹스견/차분한 성격', '2024-12-03 18:30:00.000000', 310, 441560202401400),
	('5e004e4c-8374-404b-9378-9e7a8f294b98', 'RESERVATION', '관리자', '스탠다드', '2024-01016', '2025-07-20', 'NULL', 'OTHERS', '◉품종 : 스탠다드\n\n◉몸색 : 연한 갈색\n\n◉체중 : 0.8kg\n\n◉나이 : 1세\n\n◉발견장소 : 부산 해운대구\n\n◉특징 : 온순하고 다른 동물들과 잘 지냄', '2024-12-02 12:00:00.000000', '["http://localhost:8080/upload/40d356e4-a85d-45fd-b2a7-d193ebcb3abd.jpg", "http://localhost:8080/upload/b345a7db-44c1-4c64-9782-78177cdeceb9.jpg", "http://localhost:8080/upload/c1a9d0fb-845b-44fe-80bb-f3e9d95e0629.jpg", "http://localhost:8080/upload/e038469b-8b17-4a5a-a81f-a315c210daa3.jpg"]', '1세/패럿/성격 온순', '2024-12-03 13:00:00.000000', 200, 441560202401603),
	('5f3143b9-785f-42d2-a81f-081e8f6f44a7', 'NOTADOPT', '관리자', '믹스견', '2024-60491', '2024-12-05', '안락사', 'DOG', '◉품종 : 믹스견\n◉털색 : 검정색과 흰색\n◉체중 : 5kg\n◉나이 : 2세\n◉발견장소 : 경기 안양시\n◉특징 : 똑똑하고 활동적인 성격', '2024-11-03 19:00:00.000000', '["http://localhost:8080/upload/02ad78b5-8eae-4d68-bd00-34200cc4e06e.jpg", "http://localhost:8080/upload/40f86180-707c-4d13-9821-ce91dccbebe1.jpg", "http://localhost:8080/upload/a8f571ca-c069-4236-a191-063d63c80c90.jpg", "http://localhost:8080/upload/bfb51429-7661-4e22-9e74-5886f8b3ebca.jpg"]', '2세/믹스견/똑똑한 성격', '2024-11-03 19:30:00.000000', 420, 441560202401413),
	('5f3b58b8-e487-4ea8-8d1b-b3925b8bb65d', 'ADOPTABLE', '관리자', '치와와', '2024-81957', '2025-08-10', 'NULL', 'DOG', '◉품종 : 치와와\n◉털색 : 크림색\n◉체중 : 2kg\n◉나이 : 3세\n◉발견장소 : 서울 송파구\n◉특징 : 독립적이고 자신감 있는 성격', '2024-12-03 16:00:00.000000', '["http://localhost:8080/upload/8b33dce0-a99e-416b-a40b-9d06e9c6e359.jpg", "http://localhost:8080/upload/234b8850-66c4-4a8f-8855-a5e23d1e5c3d.jpg", "http://localhost:8080/upload/cb25b9eb-f386-4270-94b5-3e8cbf07e2ea.jpg", "http://localhost:8080/upload/fa5bb1f4-b11b-4156-9580-8c8c458ddc20.jpg"]', '3세/치와와/독립적인 성격', '2024-12-03 16:30:00.000000', 150, 441560202401410),
	('645a9e1c-2991-4de2-bd5a-362c70887cc0', 'NOTADOPT', '관리자', '믹스묘', '2024-18435', '2024-12-15', '안락사', 'CAT', '◉품종 : 믹스묘\n\n◉털색 : 베이지색\n\n◉체중 : 5.5kg\n\n◉나이 : 6세\n\n◉발견장소 : 서울시 서초구\n\n◉특징 : 차분하고 온화한 성격', '2024-11-05 21:00:00.000000', '["http://localhost:8080/upload/6a99e5a5-09b5-41b4-b06a-df649159e1ef.jpg", "http://localhost:8080/upload/158c4e03-d46d-4f79-8cdb-20c7a26e778c.jpg", "http://localhost:8080/upload/499af4a7-db6a-44c2-b217-f7d15694764d.jpg", "http://localhost:8080/upload/cd4311e1-ca9c-4eeb-b155-cc416426570a.jpg"]', '6세/믹스묘/차분함', '2024-11-05 21:05:00.000000', 823, 441560202401404),
	('6882301d-bec3-4091-aece-50aea6bc2d98', 'RESERVATION', '관리자', '미어캣', '2024-01017', '2025-08-10', 'NULL', 'OTHERS', '◉품종 : 미어캣\n\n◉몸색 : 황갈색\n\n◉체중 : 1.2kg\n\n◉나이 : 3세\n\n◉발견장소 : 부산 해운대구\n\n◉특징 : 내성적이고 조용하지만 사람에게 친근함', '2024-12-02 12:00:00.000000', '["http://localhost:8080/upload/27ab1614-3f13-475d-934e-8c082f8f9d70.jpg", "http://localhost:8080/upload/47f9ed19-d519-4a7c-84d5-b52aea3c2035.jpg", "http://localhost:8080/upload/62dff93f-6ca5-457a-8f00-26ad465324de.jpg", "http://localhost:8080/upload/ac766008-8f27-487d-8c5e-7701d3cacc05.jpg"]', '3세/미어캣/성격 내성적', '2024-12-03 13:00:00.000000', 420, 441560202401398),
	('6b723292-16e3-40cf-9178-638f73746f13', 'RESERVATION', '관리자', '진돗개', '2024-47895', '2025-03-25', 'NULL', 'DOG', '◉품종: 진돗개\n◉털색: 백색\n◉체중: 13kg\n◉나이: 2세\n◉발견장소: 경상남도 김해시\n◉특징: 독립적인 성격, 예약 완료', '2024-12-01 12:00:00.000000', '["http://localhost:8080/upload/8d2e6d37-142f-4ea1-95ed-d56049ebf853.jpg", "http://localhost:8080/upload/03374b2e-e205-4b32-bff1-34a4f3fecb00.jpg", "http://localhost:8080/upload/e3cccf21-6d35-4b94-ae2d-538fc32d3d87.jpg", "http://localhost:8080/upload/e1539e8a-8e97-4c2f-a722-9320e11ad75c.jpg"]', '2세/진돗개/독립적인 성격', '2024-12-03 12:00:00.000000', 150, 441560202401397),
	('71508a4c-9fb7-422c-978e-9d690fe145b1', 'ADOPTABLE', '관리자', '믹스묘', '2024-50721', '2025-07-01', 'NULL', 'CAT', '◉품종 : 믹스묘\n◉털색 : 흰색과 갈색\n◉체중 : 4.0kg\n◉나이 : 1세\n◉발견장소 : 부산시 해운대구\n◉특징 : 애교가 많고 사람과 잘 어울림', '2024-12-01 11:00:00.000000', '["http://localhost:8080/upload/4fff43f4-3246-4a4c-add5-ba137c006a2b.jpg", "http://localhost:8080/upload/1688f69a-c322-4fc9-896f-e0ae7057d68e.jpg", "http://localhost:8080/upload/62462d62-c75b-45e6-aff1-dffb62631290.jpg", "http://localhost:8080/upload/b16937f8-b5bc-414f-ae4f-1a57c57f4e6c.jpg"]', '1세/믹스묘/애교 많음', '2024-12-02 13:00:00.000000', 150, 441560202401002),
	('7348eda5-cc10-4227-ba0d-57e1a3a420b6', 'ADOPTABLE', '관리자', '미어캣', '2024-01001', '2025-07-01', 'NULL', 'OTHERS', '◉품종 : 미어캣\n\n◉몸색 : 갈색과 회색 혼합\n\n◉체중 : 1.5kg\n\n◉나이 : 2세\n\n◉발견장소 : 경기 하남시\n\n◉특징 : 매우 활발하고 사람을 잘 따름', '2024-12-01 10:00:00.000000', '["http://localhost:8080/upload/686ed100-1bc4-45cc-bab8-968a8c9346f7.jpg", "http://localhost:8080/upload/5939a9b5-6ceb-4802-bcf8-afeffc1c9d4c.jpg", "http://localhost:8080/upload/0183582e-c73b-4b9b-9468-f681e80b0c5d.jpg", "http://localhost:8080/upload/8340145a-0a72-4e4c-8e5b-dfeeef21cff1.jpg"]', '2세/미어캣/성격 활발', '2024-12-02 11:00:00.000000', 300, 441560202401397),
	('7bf3ee10-6ad2-4e75-97b1-fc5b5d3aa525', 'ADOPTABLE', '관리자', '믹스묘', '2024-14936', '2025-09-10', 'NULL', 'CAT', '◉품종 : 믹스묘\n◉털색 : 갈색과 흰색\n◉체중 : 4.2kg\n◉나이 : 3세\n◉발견장소 : 인천시 남동구\n◉특징 : 상냥하고 온화한 성격, 가족을 찾고 있음', '2024-12-02 17:00:00.000000', '["http://localhost:8080/upload/1dca5a29-8947-4ae0-9334-c0c52f168424.jpg", "http://localhost:8080/upload/5d1f29aa-5382-4424-afc0-a5524a6e7c74.jpg", "http://localhost:8080/upload/77247342-d043-4791-9abd-5ad7a3d8324f.jpg", "http://localhost:8080/upload/aa5610e6-d5ed-4cd0-a842-76df26d9f786.jpg"]', '3세/믹스묘/상냥하고 온화함', '2024-12-02 18:00:00.000000', 410, 441560202401018),
	('7d1c0351-6d93-4335-b773-56c7e92cd587', 'ADOPTABLE', '관리자', '스탠다드', '2024-01002', '2025-03-15', 'NULL', 'OTHERS', '◉품종 : 아프리카 고슴도치\n\n◉피부색 : 회색\n\n◉체중 : 250g\n\n◉나이 : 3세\n\n◉발견장소 : 서울 강남구\n\n◉특징 : 성격 온순하고 친근함', '2024-12-01 08:00:00.000000', '["http://localhost:8080/upload/2d395303-73e0-4e8d-9c09-111fd25f4b39.jpg", "http://localhost:8080/upload/007eb978-b258-444a-a5b2-dcab50e11d6e.jpg", "http://localhost:8080/upload/62f27af2-0442-4534-88e0-614a6fe2664f.jpg", "http://localhost:8080/upload/d40624d9-ab3d-4424-a8cb-0c4040176ed7.jpg"]', '3세/고슴도치/성격 좋음', '2024-12-02 10:00:00.000000', 325, 441560202401393),
	('846c8364-848f-4e88-9768-50d8fd486979', 'RESERVATION', '관리자', '시리아 햄스터', '2024-01018', '2025-06-10', 'NULL', 'OTHERS', '◉품종 : 시리아 햄스터\n\n◉몸색 : 회색\n\n◉체중 : 0.15kg\n\n◉나이 : 2세\n\n◉발견장소 : 부산 해운대구\n\n◉특징 : 온순하고 다른 동물들과 잘 지냄', '2024-12-03 12:00:00.000000', '["http://localhost:8080/upload/2d9bdf22-818b-40c9-9476-3bc44414b0e7.jpg", "http://localhost:8080/upload/8c0ef0f6-9daf-42eb-8d6b-4320caa400b2.jpg", "http://localhost:8080/upload/b413e25d-b76c-41d5-9eca-ac51d01b318c.jpg", "http://localhost:8080/upload/ca8197b5-640e-43de-a3d0-cea407cef96b.jpg"]', '2세/햄스터/성격 온순', '2024-12-04 13:00:00.000000', 400, 441560202401605),
	('85f61edb-a000-44ac-b9a7-768898e6204b', 'ADOPTABLE', '관리자', '믹스묘', '2024-72061', '2025-06-01', 'NULL', 'CAT', '◉품종 : 믹스묘\n\n◉털색 : 짙은 갈색\n\n◉체중 : 7.0kg\n\n◉나이 : 2세\n\n◉발견장소 : 대구광역시 북구\n\n◉특징 : 온순하고 사람과 잘 지내는 성격', '2024-12-03 19:00:00.000000', '["http://localhost:8080/upload/08a206c3-b8e1-4335-846c-9481bf7bb4d2.jpg", "http://localhost:8080/upload/45baccc7-9f3b-4dcb-aab1-6b0fe62d8230.jpg", "http://localhost:8080/upload/83ef0c52-5004-47d2-b3a6-34b6e0667b70.jpg", "http://localhost:8080/upload/a797070a-e54d-4401-ade5-a4d517dded6a.jpg"]', '2세/믹스묘/온순함', '2024-12-03 19:05:00.000000', 710, 441560202401402),
	('86470577-cd73-4fec-9fd0-6406ad5da585', 'RESERVATION', '관리자', '네덜란드 드워프', '2024-01019', '2025-07-20', 'NULL', 'OTHERS', '◉품종 : 네덜란드 드워프\n\n◉몸색 : 흰색 바탕에 회색 얼룩\n\n◉체중 : 1.5kg\n\n◉나이 : 1세\n\n◉발견장소 : 부산 해운대구\n\n◉특징 : 활발하고 장난을 좋아함', '2024-12-02 12:00:00.000000', '["http://localhost:8080/upload/93c89285-849c-4e84-aab3-9a89ade22c06.jpg", "http://localhost:8080/upload/0792c43f-4b6a-473c-86b4-90c957d5d4ca.jpg", "http://localhost:8080/upload/2941fe02-b1fc-4010-8130-18008c64fe5b.jpg", "http://localhost:8080/upload/eebeb1b9-25da-4795-a690-16b9f4527af2.jpg"]', '1세/토끼/성격 활발', '2024-12-03 13:00:00.000000', 250, 441560202401601),
	('8797d5cd-e947-4cbf-a462-782b51d2a4ad', 'RESERVATION', '관리자', '믹스묘', '2024-89742', '2025-12-01', 'NULL', 'CAT', '◉품종 : 믹스묘\n◉털색 : 흰색과 회색\n◉체중 : 4.0kg\n◉나이 : 3세\n◉발견장소 : 경기도 용인시\n◉특징 : 온순한 성격, 다른 동물과 잘 지냄', '2024-12-01 16:00:00.000000', '["http://localhost:8080/upload/9aa3bc9d-3f75-4852-9edf-908b61eb510d.jpg", "http://localhost:8080/upload/40941c8d-168c-4e07-8c06-df8f3b0945e2.jpg", "http://localhost:8080/upload/a4b6ce90-3a3a-4b6f-afa5-996b365f5f15.jpg", "http://localhost:8080/upload/a800db76-d095-4065-9077-2b47bbc2f393.jpg"]', '3세/믹스묘/온순함', '2024-12-02 18:00:00.000000', 300, 441560202401007),
	('87ab00f1-11b8-47f0-ac6b-812f856d0b74', 'ADOPTABLE', '관리자', '믹스묘', '2024-76302', '2025-07-01', 'NULL', 'CAT', '◉품종 : 믹스묘\n\n◉털색 : 흰색\n\n◉체중 : 2.8kg\n\n◉나이 : 1세\n\n◉발견장소 : 부산시 해운대구\n\n◉특징 : 활발하고 사람을 잘 따르는 성격', '2024-12-03 11:00:00.000000', '["http://localhost:8080/upload/74d9b12e-f85c-457c-a37b-0a31bd0d88ca.jpg", "http://localhost:8080/upload/db321978-6264-4cd9-a11e-ab5e2f70ffa4.jpg", "http://localhost:8080/upload/e5f788a5-f3c3-421f-a1ff-9436f3eabb28.jpg", "http://localhost:8080/upload/e015e272-7426-437a-969a-7562cbdf2eac.jpg"]', '1세/믹스묘/활발함', '2024-12-03 11:05:00.000000', 512, 441560202401394),
	('8d73d4c1-623d-47c1-86ba-380ea7d4bf7e', 'ADOPTABLE', '관리자', '믹스묘', '2024-25173', '2025-11-05', 'NULL', 'CAT', '◉품종 : 믹스묘\n\n◉털색 : 검정색\n\n◉체중 : 3.2kg\n\n◉나이 : 4세\n\n◉발견장소 : 강원도 춘천시\n\n◉특징 : 차분하고 온순한 성격', '2024-12-03 16:00:00.000000', '["http://localhost:8080/upload/4e4e6841-1d9c-4773-a75c-cbbab8927010.jpg", "http://localhost:8080/upload/83b89d1b-c671-4bc0-abaa-62016c5d6004.jpg", "http://localhost:8080/upload/a0ff907b-dfec-4a13-b9aa-2d183ad5e3c5.jpg", "http://localhost:8080/upload/a7c8ec13-6261-4c28-89a0-74326ac6bc12.jpg"]', '4세/믹스묘/차분함', '2024-12-03 16:05:00.000000', 413, 441560202401399),
	('8df5d09d-7e62-4520-ab86-2407292c8df9', 'ADOPTABLE', '관리자', '믹스묘', '2024-61230', '2025-11-01', 'NULL', 'CAT', '◉품종 : 믹스묘\n◉털색 : 회색\n◉체중 : 5.0kg\n◉나이 : 6세\n◉발견장소 : 서울시 강북구\n◉특징 : 조용한 성격, 혼자 있는 시간을 좋아함', '2024-12-01 15:00:00.000000', '["http://localhost:8080/upload/2f7f400c-09d3-4f19-ada8-5bb7d71cc7da.jpg", "http://localhost:8080/upload/14894190-e422-4761-943a-1dce77bed301.jpg", "http://localhost:8080/upload/ac095816-258d-4036-ad4e-498397910179.jpg", "http://localhost:8080/upload/efceaab2-e40c-44eb-947c-d2aeac082749.jpg"]', '6세/믹스묘/조용함', '2024-12-02 17:00:00.000000', 110, 441560202401006),
	('9019f7f2-9e1d-488c-8d63-27b34c0a3277', 'ADOPTABLE', '관리자', '베일드 카멜레온', '2024-01003', '2025-05-10', 'NULL', 'OTHERS', '◉품종 : 베일드 카멜레온\n\n◉몸색 : 초록색, 노란색 점\n\n◉체중 : 0.3kg\n\n◉나이 : 2세\n\n◉발견장소 : 경기도 안양시\n\n◉특징 : 온순하고 사람에게 잘 다가감', '2024-12-01 10:00:00.000000', '["http://localhost:8080/upload/1a718785-9cf5-4710-9fde-9a489020058f.jpg", "http://localhost:8080/upload/9e9bd8e7-2c9b-42fd-ae48-618dae2f8925.jpg", "http://localhost:8080/upload/0895789f-d083-4100-8e46-b70333c9a960.jpg", "http://localhost:8080/upload/c7af5117-f504-4f1e-a89a-ffaab0b2131e.jpg"]', '2세/카멜레온/성격 온순', '2024-12-02 11:00:00.000000', 180, 441560202401500),
	('9068f2b1-a772-4150-8828-28c40ce244f0', 'RESERVATION', '관리자', '믹스견', '2024-64839', '2025-05-14', 'NULL', 'DOG', '◉품종 : 믹스견\n◉털색 : 갈색과 흰색\n◉체중 : 2.5kg\n◉나이 : 2개월\n◉발견장소 : 서울 서초구\n◉특징 : 활발하고 사람을 좋아하는 성격', '2024-12-03 13:00:00.000000', '["http://localhost:8080/upload/22ca77f4-e775-4d8b-86c3-7da1d3d5da1c.jpg", "http://localhost:8080/upload/55a8ffa4-9ff5-4cbd-8b8d-319a84b84d74.jpg", "http://localhost:8080/upload/05111983-1dd7-4f5c-8755-8c236749f12d.jpg", "http://localhost:8080/upload/bb9a25ad-b4f4-47c8-8560-4a7d53546425.jpg"]', '2개월/믹스견/활발한 성격', '2024-12-03 13:30:00.000000', 180, 441560202401407),
	('937ffecd-9246-44b7-b629-d289037e1450', 'ADOPTABLE', '관리자', '믹스', '2024-53890', '2025-09-05', 'NULL', 'DOG', '◉품종: 믹스견\n◉털색: 회색\n◉체중: 1kg\n◉나이: 1세\n◉발견장소: 서울 강서구\n◉특징: 조용하고 내성적인 성격', '2024-12-01 08:00:00.000000', '["http://localhost:8080/upload/679fcc7e-ac2c-4544-afc1-7528d8533f10.jpg", "http://localhost:8080/upload/728e9dfd-b4d5-4d9b-9c0f-85f18dff30a4.jpg", "http://localhost:8080/upload/3534b4a4-44d6-4d6a-a8f3-246602d5c448.jpg", "http://localhost:8080/upload/b825f153-2c4d-4380-ba88-340a7b61ec1e.jpg"]', '1세/믹스견/조용한 성격', '2024-12-01 08:30:00.000000', 280, 441560202401397),
	('941e16c4-8cde-43de-9a78-ca7e912d96b2', 'ADOPTABLE', '관리자', '믹스묘', '2024-73258', '2025-06-30', 'NULL', 'CAT', '◉품종 : 믹스묘\n◉털색 : 회색\n◉체중 : 3.2kg\n◉나이 : 6개월\n◉발견장소 : 서울시 강남구\n◉특징 : 성격 좋고 사람을 좋아함\n\n', '2024-12-01 10:00:00.000000', '["http://localhost:8080/upload/983020d0-42fe-47a9-a41d-01e879fa281b.jpg", "http://localhost:8080/upload/a880b794-2913-4972-b2cf-c12cd6fbff9b.jpg", "http://localhost:8080/upload/da0d3bbb-965c-4ed3-9a4a-17ffa4235d09.jpg", "http://localhost:8080/upload/de4e6ab5-8d17-4fd2-8c22-9141b3e2410b.jpg"]', '6개월/믹스묘/성격 좋음', '2024-12-02 12:00:00.000000', 320, 441560202401001),
	('9592e71f-8896-4761-92f5-7b1a065eec22', 'RESERVATION', '관리자', '큰 부엉이', '2024-01020', '2025-07-15', 'NULL', 'OTHERS', '◉품종 : 큰 부엉이\n\n◉몸색 : 흰색과 검은색\n\n◉체중 : 1.5kg\n\n◉나이 : 4세\n\n◉발견장소 : 경기도 안양시\n\n◉특징 : 조용하고 차분한 성격', '2024-12-02 12:00:00.000000', '["http://localhost:8080/upload/1b732330-a46c-478f-816e-a658056c044b.jpg", "http://localhost:8080/upload/184f2644-0925-41b0-852b-1c6cfe2d40a5.jpg", "http://localhost:8080/upload/764533cc-70af-4165-bf91-580c796cb20d.jpg", "http://localhost:8080/upload/fc5d184c-f68a-48ad-8d98-da44d81af19a.jpg"]', '4세/부엉이/성격 조용함', '2024-12-03 13:00:00.000000', 350, 441560202401400),
	('99bf746f-953b-4d66-b9b4-557959e0513d', 'ADOPTABLE', '관리자', '골든리트리버', '2024-26743', '2025-07-20', 'NULL', 'DOG', '◉품종 : 골든리트리버\n◉털색 : 금색\n◉체중 : 25kg\n◉나이 : 3세\n◉발견장소 : 경기도 용인시\n◉특징 : 사교적이고 사람을 좋아하는 성격', '2024-12-03 15:00:00.000000', '["http://localhost:8080/upload/5a77e507-cc91-4075-a559-ad76b0146177.jpg", "http://localhost:8080/upload/6eca18a9-f18c-4e03-8c27-d1414e9fa86f.jpg", "http://localhost:8080/upload/424da227-8402-42c7-bd52-5f8e930222f5.jpg", "http://localhost:8080/upload/b25c9bdd-ad78-42bc-971d-7430d7f9d231.jpg"]', '3세/골든리트리버/사교적인 성격', '2024-12-03 15:30:00.000000', 280, 441560202401409),
	('9a7c516d-00c9-41ce-9fc3-fdccef76f22d', 'ADOPTABLE', '관리자', '시리아 햄스터', '2024-01004', '2025-05-15', 'NULL', 'OTHERS', '◉품종 : 시리아 햄스터\n\n◉몸색 : 흰색, 황금색\n\n◉체중 : 0.2kg\n\n◉나이 : 1세\n\n◉발견장소 : 서울 강서구\n\n◉특징 : 매우 활발하고 사람을 좋아함', '2024-12-01 10:00:00.000000', '["http://localhost:8080/upload/81b258c5-ce5a-44de-82d0-2da1a4b6bd31.jpg", "http://localhost:8080/upload/9689574e-9896-49dc-a6a2-545efbc9a759.jpg", "http://localhost:8080/upload/9806206d-fb20-48aa-8ad6-a1ef0c624842.jpg", "http://localhost:8080/upload/edaa54ec-406b-463e-97b8-b80ada2cacf9.jpg"]', '1세/햄스터/성격 활발', '2024-12-02 11:00:00.000000', 550, 441560202401604),
	('9b5084cb-8a42-464f-b237-c3ae5dad6d09', 'RESERVATION', '관리자', '닥스훈트', '2024-39016', '2025-09-05', 'NULL', 'DOG', '◉품종 : 닥스훈트\n◉털색 : 갈색\n◉체중 : 6kg\n◉나이 : 4세\n◉발견장소 : 인천 남동구\n◉특징 : 친화적이고 활동적인 성격', '2024-12-03 17:00:00.000000', '["http://localhost:8080/upload/4a115f15-3580-4c66-8a7e-d1762ab48a31.jpg", "http://localhost:8080/upload/5d7f5688-a191-452b-a774-82791ac5cc98.jpg", "http://localhost:8080/upload/bfdf89c5-5c35-4af8-a2cf-08d2a905baee.jpg", "http://localhost:8080/upload/e59295af-9897-4eaa-8be6-0524eb9018e7.jpg"]', '4세/닥스훈트/친화적인 성격', '2024-12-03 17:30:00.000000', 320, 441560202401411),
	('9dd63891-063e-4beb-a3ee-f7899bfd4d22', 'ADOPTABLE', '관리자', '믹스묘', '2024-90517', '2025-08-15', 'NULL', 'CAT', '◉품종 : 믹스묘\n◉털색 : 검정색\n◉체중 : 4.5kg\n◉나이 : 10개월\n◉발견장소 : 경기도 성남시\n◉특징 : 내성적인 성격, 조용한 환경에서 잘 지냄', '2024-12-01 12:00:00.000000', '["http://localhost:8080/upload/057670cc-b9d3-4749-ba5f-c711a6d3e972.jpg", "http://localhost:8080/upload/a208d815-32a4-4256-a652-174877958723.jpg", "http://localhost:8080/upload/c17778ac-9a12-47d8-a8b8-3da5121ec063.jpg", "http://localhost:8080/upload/f9a37c1c-202a-4d06-afc7-a8e1daacec53.jpg"]', '10개월/믹스묘/내성적', '2024-12-02 14:00:00.000000', 420, 441560202401003),
	('a2a5a3ff-3e3d-41f1-b1db-bcd42b4ef6b2', 'ADOPTABLE', '관리자', '믹스묘', '2024-68019', '2025-01-20', 'NULL', 'CAT', '◉품종 : 믹스묘\n◉털색 : 노란색\n◉체중 : 3.5kg\n◉나이 : 2세\n◉발견장소 : 인천시 미추홀구\n◉특징 : 조용하고 친근한 성격, 입양 가능', '2024-12-01 18:00:00.000000', '["http://localhost:8080/upload/062c12ef-b0b6-4a60-8b5d-efde57d335bf.jpg", "http://localhost:8080/upload/c2bd593d-4325-4ca1-9bfb-bb50c54797d0.jpg", "http://localhost:8080/upload/c98d80a0-f30f-47fc-bd44-c8e1401db321.jpg", "http://localhost:8080/upload/f1ad27dc-86f8-4733-b3a8-5170a2d78c4d.jpg"]', '2세/믹스묘/조용하고 친근함', '2024-12-02 20:00:00.000000', 230, 441560202401009),
	('a80df289-6cb4-4f23-82c5-8441f1fe34e9', 'ADOPTABLE', '관리자', '동부 회색 다람쥐', '2024-01005', '2025-03-15', 'NULL', 'OTHERS', '◉품종 : 동부 회색 다람쥐\n\n◉몸색 : 회색과 갈색 혼합\n\n◉체중 : 400g\n\n◉나이 : 2세\n\n◉발견장소 : 서울 강북구\n\n◉특징 : 활발하고 사람을 잘 따름', '2024-12-01 08:00:00.000000', '["http://localhost:8080/upload/05b50860-a076-4559-8201-25e2c7e52881.jpg", "http://localhost:8080/upload/7a0efc54-ca64-403e-a24a-277b7888702a.jpg", "http://localhost:8080/upload/6212e9e3-fe01-472d-a820-af2fa2c7335d.jpg", "http://localhost:8080/upload/48254b95-726e-452d-ab36-12474893851e.jpg"]', '2세/다람쥐/성격 활발', '2024-12-02 10:00:00.000000', 420, 441560202401393),
	('aa44dd6c-559b-49b0-9aa0-ed4c3c852a92', 'ADOPTABLE', '관리자', '믹스묘', '2024-39461', '2025-10-15', 'NULL', 'CAT', '◉품종 : 믹스묘\n◉털색 : 노란색\n◉체중 : 3.8kg\n◉나이 : 1세\n◉발견장소 : 인천시 남동구\n◉특징 : 활발하고 에너지가 넘침, 활동적인 가정을 찾음', '2024-12-01 14:00:00.000000', '["http://localhost:8080/upload/3a73407b-7216-4e45-84c1-535772da0028.jpg", "http://localhost:8080/upload/4d8bcb04-81d8-4783-b1b9-6d92b8286a97.jpg", "http://localhost:8080/upload/b909e165-17a8-4f71-9125-8398a3493464.jpg", "http://localhost:8080/upload/c8110730-b4d8-4cfa-b120-cf599d454390.jpg"]', '1세/믹스묘/활발함', '2024-12-02 16:00:00.000000', 900, 441560202401005),
	('b030bbcf-66a6-471f-b95f-594479e73777', 'RESERVATION', '관리자', '믹스견', '2024-13946', '2025-08-22', 'NULL', 'DOG', '◉품종: 믹스견\n◉털색: 검정과 흰색\n◉체중: 8kg\n◉나이: 4세\n◉발견장소: 부산 해운대구\n◉특징: 활발하고 외향적인 성격', '2024-12-01 14:00:00.000000', '["http://localhost:8080/upload/5d1c2982-84eb-481f-8387-b8aa3061b22d.jpg", "http://localhost:8080/upload/7d254dcf-a523-4671-b962-9fc1f05f6f7e.jpg", "http://localhost:8080/upload/8e728434-35a9-45b8-8050-468b11dc9209.jpg", "http://localhost:8080/upload/6123a2dc-9000-4da6-8fa0-b110136e910e.jpg"]', '4세/믹스견/활발한 성격', '2024-12-01 14:30:00.000000', 150, 441560202401396),
	('b33a6d01-5c1c-4a8d-b8ef-a7cc4dbc1051', 'RESERVATION', '관리자', '스탠다드', '2024-01021', '2025-05-10', 'NULL', 'OTHERS', '◉품종 : 겨울 화이트 고슴도치\n\n◉피부색 : 회색\n\n◉체중 : 300g\n\n◉나이 : 2세\n\n◉발견장소 : 경기 수원시\n\n◉특징 : 활발하고 친근한 성격, 사람을 잘 따름', '2024-12-02 09:30:00.000000', '["http://localhost:8080/upload/47a3c84d-9a4e-4df4-a11f-8d3da4aa4a51.jpg", "http://localhost:8080/upload/866baa07-f97c-41b5-b749-b90f7fdeb8ba.jpg", "http://localhost:8080/upload/ced97296-eecc-4e20-8218-229b52a9e89f.jpg", "http://localhost:8080/upload/e0632593-09cf-4e25-8fb4-4c202f3beb1f.jpg"]', '2세/고슴도치/활발한 성격', '2024-12-03 11:00:00.000000', 158, 441560202401394),
	('b40d68c5-cee0-4a66-a049-8fb2232f1451', 'ADOPTABLE', '관리자', '믹스묘', '2024-50783', '2025-06-15', 'NULL', 'CAT', '◉품종 : 믹스묘\n\n◉털색 : 회색\n\n◉체중 : 3.5kg\n\n◉나이 : 3세\n\n◉발견장소 : 서울시 강남구\n\n◉특징 : 친근하고 사람을 좋아하는 성격', '2024-12-03 10:00:00.000000', '["http://localhost:8080/upload/78d5eaed-49fb-4560-b3c1-0722b8eb35ef.jpg", "http://localhost:8080/upload/b54db16a-1a73-44be-b8d7-e6bba07c7dbf.jpg", "http://localhost:8080/upload/b2580c87-8292-40f5-b121-91c5360ddd47.jpg", "http://localhost:8080/upload/e9678e80-9ca4-4b0d-a4ff-9450ea37ff56.jpg"]', '3세/믹스묘/친근함', '2024-12-03 10:05:00.000000', 945, 441560202401393),
	('b710befa-60a3-41ec-90b7-ea74a0d12111', 'ADOPTABLE', '관리자', '믹스묘', '2024-20358', '2025-12-15', 'NULL', 'CAT', '◉품종 : 믹스묘\n◉털색 : 갈색과 흰색\n◉체중 : 4.5kg\n◉나이 : 4세\n◉발견장소 : 대전광역시\n◉특징 : 사람을 좋아하며 다른 동물들과도 잘 지냄', '2024-12-01 17:00:00.000000', '["http://localhost:8080/upload/58f0c7c6-f02b-40c4-8e18-b59b963c36a8.jpg","http://localhost:8080/upload/4234b133-71a5-461c-8b30-5ed7d6b2b4cf.jpg","http://localhost:8080/upload/baf71a8a-2e66-4663-8564-de2738bd23f2.jpg","http://localhost:8080/upload/f4d929ba-243e-4c43-9bef-f0cc69d231a0.jpg"]', '4세/믹스묘/사람 좋아함', '2024-12-02 19:00:00.000000', 551, 441560202401008),
	('b727b84d-f843-48b5-b0df-de9cf8a3a618', 'ADOPTABLE', '관리자', '믹스견', '2024-50671', '2025-01-15', 'NULL', 'DOG', '◉품종: 믹스견\n◉털색: 검정\n◉체중: 10kg\n◉나이: 3세\n◉발견장소: 서울 동대문구\n◉특징: 조용하고 신중한 성격, 낮은 활동량 선호', '2024-12-03 21:00:00.000000', '["http://localhost:8080/upload/1f4c9467-d263-4617-8b33-f684f3ada3f8.jpg", "http://localhost:8080/upload/02dcb50a-9515-4cb8-a753-7e05bd2a27d6.jpg", "http://localhost:8080/upload/100ab62c-5e65-4a53-9bf6-ca9f21128859.jpg", "http://localhost:8080/upload/a80871ad-f17b-4137-b775-8c45e9d77a13.jpg"]', '3세/믹스견/조용하고 신중한 성격', '2024-12-03 21:30:00.000000', 500, 441560202401403),
	('bd5ea867-eac0-4e89-86f7-901ec6ec7d0d', 'ADOPTABLE', '관리자', '믹스묘', '2024-84327', '2025-07-15', 'NULL', 'CAT', '◉품종 : 믹스묘\n◉털색 : 검정색과 흰색\n◉체중 : 2.5kg\n◉나이 : 1세\n◉발견장소 : 서울시 송파구\n◉특징 : 사람을 잘 따름, 사랑을 많이 받고 싶어함', '2024-12-02 15:00:00.000000', '["http://localhost:8080/upload/0abee425-3559-43e0-b447-b77a6b1a66f9.jpg", "http://localhost:8080/upload/1a42fe54-be08-402d-9d36-3a467d652301.jpg", "http://localhost:8080/upload/bca82436-2e69-425e-8c9c-6de9cc4a4db3.jpg", "http://localhost:8080/upload/dafdfe52-f3dc-4e32-b94d-02a8dc76d82d.jpg"]', '1세/믹스묘/사람을 잘 따름', '2024-12-02 16:00:00.000000', 390, 441560202401016),
	('be128900-2585-481c-9484-d4142eb2cfb5', 'ADOPTABLE', '관리자', '백색 일본종', '2024-01006', '2025-06-10', 'NULL', 'OTHERS', '◉품종 : 백색 일본종\n\n◉몸색 : 흰색\n\n◉체중 : 1.8kg\n\n◉나이 : 2세\n\n◉발견장소 : 서울 송파구\n\n◉특징 : 온순하고 사람을 잘 따름', '2024-12-01 10:00:00.000000', '["http://localhost:8080/upload/9fe95962-14ac-4fb2-9e95-bba2bfb56606.jpg", "http://localhost:8080/upload/52dbe504-1970-4aa8-9497-eff8b1698fab.jpg", "http://localhost:8080/upload/63da3e30-f1db-4bb9-a1b1-ac438411c3af.jpg", "http://localhost:8080/upload/70f986c7-0420-4661-9bb4-91fed3d11635.jpg"]', '2세/토끼/성격 온순', '2024-12-02 11:00:00.000000', 320, 441560202401600),
	('be81e09d-2bf0-4de0-8f1c-61cfff5cc3db', 'RESERVATION', '관리자', '믹스견', '2024-58712', '2025-06-20', 'NULL', 'DOG', '◉품종: 믹스견\n◉털색: 백색\n◉체중: 6kg\n◉나이: 2세\n◉발견장소: 대전 유성구\n◉특징: 온순하고 차분한 성격', '2024-12-01 12:00:00.000000', '["http://localhost:8080/upload/4b595e72-b2ff-4191-9717-053e025449d1.jpg", "http://localhost:8080/upload/6d8c8a80-9d3e-4fc5-ac8b-4fbcb60a167c.jpg", "http://localhost:8080/upload/676c5edc-ea6a-437e-8991-0373869302bf.jpg", "http://localhost:8080/upload/b6bac67f-77dc-4c10-bfd3-4e5231e80a7f.jpg"]', '2세/믹스견/온순한 성격', '2024-12-02 10:00:00.000000', 180, 441560202401394),
	('c1ae182b-5c2b-4034-98c3-2cad3031a0d8', 'ADOPTABLE', '관리자', '믹스견', '2024-92471', '2025-07-10', 'NULL', 'DOG', '◉품종: 믹스견\n◉털색: 갈색\n◉체중: 12kg\n◉나이: 5세\n◉발견장소: 경기도 고양시\n◉특징: 차분한 성격, 모든 연령대의 가족에게 적합', '2024-12-02 09:00:00.000000', '["http://localhost:8080/upload/6d4d9240-d6ae-4df1-ad70-fa41e2e1cb6a.jpg", "http://localhost:8080/upload/6fc58053-aac5-45bb-a2b3-222d8efef502.jpg", "http://localhost:8080/upload/50d496b8-eede-44de-bba5-9321b2674d29.jpg", "http://localhost:8080/upload/cdf987e4-b141-4acb-aecb-446194d38883.jpg"]', '5세/믹스견/차분한 성격', '2024-12-02 09:30:00.000000', 320, 441560202401395),
	('c3960d08-5ba5-4efc-9f36-1fa70ff83113', 'ADOPTABLE', '관리자', '베트남식 통통돼지', '2024-01007', '2025-05-01', 'NULL', 'OTHERS', '◉품종 : 베트남식 통통돼지\n\n◉몸색 : 검은색\n\n◉체중 : 25kg\n\n◉나이 : 2세\n\n◉발견장소 : 서울 성동구\n\n◉특징 : 순하고 사람을 잘 따름', '2024-12-01 10:00:00.000000', '["http://localhost:8080/upload/0b8ff979-8746-46c3-842a-5cf289479c88.jpg", "http://localhost:8080/upload/6a06cf84-0438-44df-bdf8-26371023d0e5.jpg", "http://localhost:8080/upload/a22a195f-9b44-4dc8-bd66-3de12a5a2a87.jpg", "http://localhost:8080/upload/e4605cd5-a3c0-43ea-b65e-49aecd354737.jpg"]', '2세/돼지/성격 순한', '2024-12-02 11:00:00.000000', 150, 441560202401395),
	('c588316b-1625-4aa2-8bf1-c08122696f08', 'RESERVATION', '관리자', '팬서 카멜레온', '2024-01022', '2025-07-15', 'NULL', 'OTHERS', '◉품종 : 팬서 카멜레온\n\n◉몸색 : 화려한 파란색, 주황색\n\n◉체중 : 0.2kg\n\n◉나이 : 1세\n\n◉발견장소 : 대전 유성구\n\n◉특징 : 활발하고 빠르게 움직임', '2024-12-02 12:00:00.000000', '["http://localhost:8080/upload/2eb5b6cd-8217-4460-81c4-e1d39d0253b1.jpg", "http://localhost:8080/upload/3d7727dc-6232-42fb-bb78-ef61a5bfb301.jpg", "http://localhost:8080/upload/6f4f4591-6eba-452c-9dbe-151e5e8ee5ee.jpg", "http://localhost:8080/upload/32378a55-2559-43d6-be80-c0f1d15b0b89.jpg"]', '1세/카멜레온/성격 활발', '2024-12-03 13:00:00.000000', 220, 441560202401501),
	('c58a8acd-63f1-4775-b476-7d8ab8cc5bd2', 'ADOPTABLE', '관리자', '믹스견', '2024-19230', '2025-04-10', 'NULL', 'DOG', '◉품종: 믹스견\n◉털색: 갈색\n◉체중: 7kg\n◉나이: 4세\n◉발견장소: 부산 동래구\n◉특징: 귀엽고 사랑스러운 성격, 다른 친구들과 잘 지내요', '2024-12-02 11:00:00.000000', '["http://localhost:8080/upload/28d0d540-bd71-4cb7-97d1-eda1bb2d25c6.jpg", "http://localhost:8080/upload/53c44c91-49ca-4783-b084-c0d8662260d0.jpg", "http://localhost:8080/upload/f9c134e9-a8fa-4171-84da-64f96c89df05.jpg", "http://localhost:8080/upload/f57f6b45-c356-469b-a592-ba49dfdbe20e.jpg"]', '4세/믹스견/귀여운 성격', '2024-12-03 11:45:00.000000', 180, 441560202401396),
	('c595bc0b-97f1-43e4-94d2-ba3a995de27f', 'RESERVATION', '관리자', '시베리안 허스키', '2024-94872', '2025-06-15', 'NULL', 'DOG', '◉품종: 시베리안허스키\n◉털색: 흰색과 회색\n◉체중: 20kg\n◉나이: 5세\n◉발견장소: 서울 마포구\n◉특징: 온순하고 차분한 성격, 잠시 예약 중', '2024-12-02 09:00:00.000000', '["http://localhost:8080/upload/315b85b3-d35a-4c56-9b90-2288220da893.jpg", "http://localhost:8080/upload/57428d78-7ae2-4046-8b70-2cab08f284a9.jpg", "http://localhost:8080/upload/d6d98feb-bb8c-424a-a336-1b9a888260e9.jpg", "http://localhost:8080/upload/d666889f-9f7e-4974-8275-58c3f1fe1e11.jpg"]', '5세/시베리안허스키/온순한 성격', '2024-12-03 09:30:00.000000', 87, 441560202401394),
	('c6c550ca-e5b2-437b-a250-28dfc296ba53', 'ADOPTABLE', '관리자', '믹스견', '2024-53284', '2025-10-15', 'NULL', 'DOG', '◉품종 : 믹스견\n◉털색 : 회색\n◉체중 : 8kg\n◉나이 : 5세\n◉발견장소 : 서울 마포구\n◉특징 : 차분하고 온화한 성격', '2024-12-03 18:00:00.000000', '["http://localhost:8080/upload/3e8f58e5-c366-4f42-aee9-bb72ad3fc4f1.jpg", "http://localhost:8080/upload/16c0533d-3723-4006-847e-91ebba8d09bc.jpg", "http://localhost:8080/upload/056f0fdd-d711-4ddf-9caf-6596c49174e9.jpg", "http://localhost:8080/upload/e35ce0d4-6421-4910-8809-a081708936de.jpg"]', '5세/믹스견/차분한 성격', '2024-12-03 18:30:00.000000', 250, 441560202401412),
	('c9ebd98b-aa66-4d1b-9d2a-93ee04a75630', 'ADOPTABLE', '관리자', '믹스묘', '2024-56392', '2025-09-15', 'NULL', 'CAT', '◉품종 : 믹스묘\n\n◉털색 : 황금색\n\n◉체중 : 4.5kg\n\n◉나이 : 5세\n\n◉발견장소 : 전라남도 여수시\n\n◉특징 : 사교적이고 사람과 잘 지내는 성격', '2024-12-03 20:00:00.000000', '["http://localhost:8080/upload/5e669b66-49a9-4c92-8f9c-def59417eb54.jpg", "http://localhost:8080/upload/0012640a-1fdb-42d3-85af-a764292d1817.jpg", "http://localhost:8080/upload/a183be4b-b985-4ae1-9c7d-9bbbe954c595.jpg", "http://localhost:8080/upload/e5f2b629-3f06-4861-9a42-ed722da7af3e.jpg"]', '5세/믹스묘/사교적', '2024-12-03 20:05:00.000000', 381, 441560202401403),
	('d891e343-9a8c-489e-9690-ab8ce52d3bef', 'ADOPTABLE', '관리자', '믹스견', '2024-67481', '2025-09-01', 'NULL', 'DOG', '◉품종: 믹스견\n◉털색: 흰색\n◉체중: 0.6kg\n◉나이: 3개월\n◉발견장소: 서울 송파구\n◉특징: 사랑스럽고 착한 성격', '2024-12-03 14:00:00.000000', '["http://localhost:8080/upload/0b65768b-1dde-4a7b-8a0a-697ca19a7424.jpg", "http://localhost:8080/upload/526fec9c-9654-448c-a1a1-0c9f5c05a10b.jpg", "http://localhost:8080/upload/623cc096-141e-43a3-a9c8-23df0280cc62.jpg", "http://localhost:8080/upload/c46b7606-6999-48bb-98e2-387a4bb9b54b.jpg"]', '3개월/믹스견/사랑스러운 성격', '2024-12-03 14:30:00.000000', 160, 441560202401399),
	('d9d08e82-1856-480a-801b-d01700bf2444', 'RESERVATION', '관리자', '믹스견', '2024-75916', '2025-03-01', 'NULL', 'DOG', '◉품종: 믹스견\n◉털색: 황금색\n◉체중: 8kg\n◉나이: 3세\n◉발견장소: 서울 송파구\n◉특징: 애교가 많고 사람을 좋아하는 성격', '2024-12-03 23:00:00.000000', '["http://localhost:8080/upload/3e75bbe6-c7cd-4711-90b4-acf28dd4140f.jpg", "http://localhost:8080/upload/5ed6d8bd-129d-47a8-be68-9d67d2ddaca5.jpg", "http://localhost:8080/upload/aef8ee3b-e74f-4a79-a721-fc5d4acc1156.jpg", "http://localhost:8080/upload/ea0b2855-7cdb-4b11-946b-c13b237feb51.jpg"]', '3세/믹스견/애교 많은 성격', '2024-12-03 23:30:00.000000', 190, 441560202401405),
	('e2698857-2f25-4660-a891-36b0012bb72d', 'ADOPTABLE', '관리자', '아마존 앵무', '2024-01008', '2025-06-10', 'NULL', 'OTHERS', '◉품종 : 아마존 앵무\n\n◉몸색 : 초록색 바탕에 부분 빨간색과 흰색\n\n◉체중 : 0.4kg\n\n◉나이 : 2세\n\n◉발견장소 : 서울 송파구\n\n◉특징 : 매우 활발하고 사람과 잘 소통함', '2024-12-01 10:00:00.000000', '["http://localhost:8080/upload/6e715020-5cb7-4370-b367-7f8759e11d1a.jpg", "http://localhost:8080/upload/482c2d46-4af2-4d46-a383-58cbf4f649f0.jpg", "http://localhost:8080/upload/b4d8839b-a11c-430d-963e-edf022b80139.jpg", "http://localhost:8080/upload/e4fc75e1-172c-4f03-8cd2-10c8a582b4f7.jpg"]', '2세/앵무새/성격 활발', '2024-12-02 11:00:00.000000', 150, 441560202401401),
	('e55ac899-3c1d-4c9f-a925-636ea53e610e', 'ADOPTABLE', '관리자', '붉은귀 거북', '2024-01009', '2025-04-20', 'NULL', 'OTHERS', '◉품종 : 붉은귀거북\n\n◉몸색 : 초록색\n\n◉체중 : 500g\n\n◉나이 : 3세\n\n◉발견장소 : 부산 해운대\n\n◉특징 : 온순하고 사람을 잘 따름', '2024-12-01 09:00:00.000000', '["http://localhost:8080/upload/7add8046-09e9-4c3a-8d6e-f31d98c83823.jpg", "http://localhost:8080/upload/2544b18b-8433-47dc-a4dc-d2e2e6f92931.jpg", "http://localhost:8080/upload/a5917876-1f44-439b-8a8a-41278fa3b831.jpg", "http://localhost:8080/upload/ee6a1397-8110-44ff-890b-e4193e3abcaa.jpg"]', '3세/거북이/성격 온순', '2024-12-02 11:00:00.000000', 250, 441560202401393),
	('e99e3fcf-4a2d-48d4-9e5d-cd4845250f3d', 'RESERVATION', '관리자', '믹스견', '2024-38729', '2025-01-10', 'NULL', 'DOG', '◉품종: 믹스견\n◉털색: 갈색\n◉체중: 6kg\n◉나이: 1세\n◉발견장소: 서울 종로구\n◉특징: 호기심 많고 활동적인 성격, 산책을 좋아함\n◉안락사 예정일: 2025-01-10', '2024-12-03 20:00:00.000000', '["http://localhost:8080/upload/8099a0b1-4b86-46e2-b0e5-85a118b7ca14.jpg", "http://localhost:8080/upload/b79b2cdb-5a87-42e9-8842-d53675e4c38b.jpg", "http://localhost:8080/upload/e8a0b616-e8ff-4205-aa15-6ee8728c541f.jpg", "http://localhost:8080/upload/f37c2ddb-a66d-4ff2-a3f9-1c23d93d4658.jpg"]', '1세/믹스견/호기심 많은 성격', '2024-12-03 20:30:00.000000', 350, 441560202401402),
	('ec31d7b3-9f03-4c84-a4a2-24de9dedf4f7', 'ADOPTABLE', '관리자', '믹스견', '2024-29185', '2025-11-25', 'NULL', 'DOG', '◉품종: 믹스견\n◉털색: 검정색\n◉체중: 9kg\n◉나이: 3세\n◉발견장소: 서울 구로구\n◉특징: 사교적이고 친근한 성격', '2024-12-03 17:00:00.000000', '["http://localhost:8080/upload/7cde878b-f41b-4698-84da-630e9e98b940.jpg", "http://localhost:8080/upload/8cd81d1b-a9cb-477d-858d-77ec1e12685e.jpg", "http://localhost:8080/upload/9dbc150b-8487-4bec-8f54-5639a17c21a7.jpg", "http://localhost:8080/upload/adf50ad1-7527-4bcc-9afd-e3fbd81a573c.jpg"]', '3세/믹스견/사교적인 성격', '2024-12-03 17:30:00.000000', 220, 441560202401399),
	('f01e2fff-c7cd-4fdf-9efb-05d5e4a136a9', 'RESERVATION', '관리자', '믹스견', '2024-45193', '2025-11-15', 'NULL', 'DOG', '◉품종: 믹스견\n◉털색: 갈색\n◉체중: 0.8kg\n◉나이: 5개월\n◉발견장소: 전북 전주시\n◉특징: 친근하고 사람을 좋아하는 성격, 예약됨', '2024-12-01 16:00:00.000000', '["http://localhost:8080/upload/4fbd0d82-9672-4e50-83d5-6d8441bc1add.jpg", "http://localhost:8080/upload/6b8c586e-fe65-481d-9660-6265041490d5.jpg", "http://localhost:8080/upload/249d919e-56e9-4866-8515-9b3c9f18806b.jpg", "http://localhost:8080/upload/e09a341a-cadf-4c53-8dd5-3a1afbf8cd25.jpg"]', '5개월/믹스견/친근한 성격', '2024-12-03 16:00:00.000000', 130, 441560202401401),
	('f479b647-32ca-4b2d-b846-292a1e5fa4cc', 'RESERVATION', '관리자', '믹스묘', '2024-30281', '2025-08-05', 'NULL', 'CAT', '◉품종 : 믹스묘\n◉털색 : 갈색과 흰색\n◉체중 : 2.7kg\n◉나이 : 10개월\n◉발견장소 : 경기도 성남시\n◉특징 : 활발하고 호기심 많음, 다양한 환경에서 잘 적응', '2024-12-02 16:00:00.000000', '["http://localhost:8080/upload/946fef62-44b7-46dc-8887-9418eb8fe393.jpg", "http://localhost:8080/upload/c32f1806-03a2-4262-a587-91191138b7c0.jpg", "http://localhost:8080/upload/dafbaa12-1c65-4037-8821-f1fea4bda230.jpg", "http://localhost:8080/upload/fc29c902-b55a-4b00-b4c0-d5fa09fb99c7.jpg"]', '10개월/믹스묘/활발하고 호기심 많음', '2024-12-02 17:00:00.000000', 620, 441560202401017),
	('f5562d91-8cd1-4109-b214-5931ce6366db', 'ADOPTABLE', '관리자', '유라시아 큰 부엉이', '2024-01010', '2025-06-01', 'NULL', 'OTHERS', '◉품종 : 유라시아 큰 부엉이\n\n◉몸색 : 갈색과 흰색 혼합\n\n◉체중 : 1.8kg\n\n◉나이 : 2세\n\n◉발견장소 : 서울 강서구\n\n◉특징 : 온순하고 사람을 잘 따름', '2024-12-01 10:00:00.000000', '["http://localhost:8080/upload/07e69e68-c412-48fa-aafa-ad294ce9416f.jpg", "http://localhost:8080/upload/75df8e85-0af9-4339-8ab5-5c96e2845575.jpg", "http://localhost:8080/upload/70473e5b-0801-48c4-8df4-1efedac6133b.jpg", "http://localhost:8080/upload/0658661d-4c83-4a9f-b2aa-503f638c5d18.jpg"]', '2세/부엉이/성격 온순', '2024-12-02 11:00:00.000000', 200, 441560202401399),
	('f602e8bf-a054-4c79-8269-f0650e36630c', 'ADOPTABLE', '관리자', '믹스묘', '2024-75196', '2025-05-10', 'NULL', 'CAT', '◉품종 : 믹스묘\n◉털색 : 노란색과 흰색\n◉체중 : 3.0kg\n◉나이 : 2세\n◉발견장소 : 서울시 마포구\n◉특징 : 사람에게 친근함, 아이들과 잘 지냄', '2024-12-02 13:00:00.000000', '["http://localhost:8080/upload/0ca4998a-fdfa-47b0-a08d-5b6b0744fa29.jpg", "http://localhost:8080/upload/36ff1b6a-1786-4173-94bb-bb4b5ae2edb6.jpg", "http://localhost:8080/upload/ae88db3b-5be7-46ad-83c8-1e382066fdd7.jpg", "http://localhost:8080/upload/af69bd6d-d20a-4386-af29-fa04ce9865b3.jpg"]', '2세/믹스묘/사람에게 친근함', '2024-12-02 14:00:00.000000', 320, 441560202401014),
	('f7de9bda-6b61-402c-9457-b10983207959', 'ADOPTABLE', '관리자', '믹스견', '2024-31245', '2025-05-12', 'NULL', 'DOG', '◉품종: 믹스견\n◉털색: 황갈색\n◉체중: 8kg\n◉나이: 3세\n◉발견장소: 서울 강남구\n◉특징: 활발하고 사랑스러운 성격', '2024-12-01 08:00:00.000000', '["http://localhost:8080/upload/0ffdb425-e950-4597-86ca-32f427097984.jpg", "http://localhost:8080/upload/2f87965d-aefb-4e02-a4ac-15724beb78fa.jpg", "http://localhost:8080/upload/996230fe-916a-4ab4-980b-41b2ff42d08a.jpg", "http://localhost:8080/upload/ea5c7db3-df12-4498-bbfe-88a6c05e39f1.jpg"]', '3세/믹스견/성격 활발', '2024-12-02 08:00:00.000000', 120, 441560202401393),
	('fd76fd0e-d6d9-4d1b-9dd5-cc9683cc72ab', 'ADOPTABLE', '관리자', '불독', '2024-82346', '2025-10-05', 'NULL', 'DOG', '◉품종: 불독\n◉털색: 황토색\n◉체중: 18kg\n◉나이: 4세\n◉발견장소: 대구 달서구\n◉특징: 차분하고 안정적인 성격', '2024-12-02 15:00:00.000000', '["http://localhost:8080/upload/81732886-3828-48bd-8a76-1412d358d522.jpg", "http://localhost:8080/upload/a9b61f31-5065-4477-8321-698e0edf24ff.jpg", "http://localhost:8080/upload/c1de2f69-f1b3-4ca2-8dae-98897a521668.jpg", "http://localhost:8080/upload/fcb0f1c1-21eb-438d-85a3-91cf3c820531.jpg"]', '4세/불독/차분한 성격', '2024-12-03 15:30:00.000000', 140, 441560202401400),
	('ffd7d24a-3afd-4400-86f0-105df1b6e458', 'ADOPTABLE', '관리자', '쵸코렛', '2024-01011', '2025-06-10', 'NULL', 'OTHERS', '◉품종 : 쵸코렛\n\n◉몸색 : 갈색\n\n◉체중 : 0.9kg\n\n◉나이 : 2세\n\n◉발견장소 : 서울 강남구\n\n◉특징 : 매우 활발하고 사람을 좋아함', '2024-12-01 10:00:00.000000', '["http://localhost:8080/upload/49f53184-c4b7-4a5a-ae83-a705148ed26b.jpg", "http://localhost:8080/upload/51f498e6-b7e8-466c-8e02-f1180ef73195.jpg", "http://localhost:8080/upload/a8e3c762-0da8-418a-a702-b92699bea588.jpg", "http://localhost:8080/upload/a68b5be8-caa4-4ea1-b3fb-395e6b5f0fdd.jpg"]', '2세/패럿/성격 활발', '2024-12-02 11:00:00.000000', 320, 441560202401602);

-- 테이블 데이터 kkomoadopt.comment:~50 rows (대략적) 내보내기
INSERT IGNORE INTO `comment` (`comment_id`, `comment_content`, `comment_created_at`, `comment_updated_at`, `is_deleted`, `post_uid`, `user_id`, `comment_del_reason`) VALUES
	('0f8e2319-74ec-405c-b2f6-5f698320a205', '정말 유용한 정보네요! 감사합니다. 다음 포스트도 기대됩니다.', '2024-12-04 13:30:00.000000', '2024-12-04 13:30:00.000000', b'0', 'b2b5adda-7135-4116-91a1-4968f69cfc87', '8fb98fb6-6b3c-4a00-92f8-68a0f53bf0ae', NULL),
	('143ad85c-8d0b-40e4-ab19-842bb871ac42', '이 글 덕분에 많은 도움이 됐습니다. 감사합니다!', '2024-12-05 09:00:00.000000', '2024-12-05 09:00:00.000000', b'0', '79a1dbad-774a-4c12-af2f-dfa514da37cc', '06a99a75-7bed-4943-9b7b-9ef9a1377bf3', NULL),
	('18dbd8c5-c1f0-4d58-be94-0c3f39a0e9d3', '상세하게 설명해주셔서 이해하기 쉬웠어요. 다음 포스트도 기대됩니다!', '2024-12-04 09:00:00.000000', '2024-12-04 09:00:00.000000', b'0', '4a4713ff-84f6-46d9-9055-94a1ba61e69e', '7da7183d-1726-458a-a620-93590251ca85', NULL),
	('18eecd18-d6bb-45d3-bd70-3a7ac0a65409', '이 포스트 덕분에 새로운 아이디어를 얻었습니다. 유용한 정보 감사합니다!', '2024-12-04 12:00:00.000000', '2024-12-04 12:00:00.000000', b'0', '196f2fce-4daa-4973-8005-8772ff4bf854', '64fb3d86-2207-4768-a4d5-da7df314a447', NULL),
	('1ac8750e-62fd-4ca7-9a1e-8d943a518043', '이 주제에 대해 다양한 관점을 배울 수 있어 좋았습니다. 감사합니다!', '2024-12-04 07:30:00.000000', '2024-12-04 07:30:00.000000', b'0', '5d1d30a7-5406-4b89-bad2-4f39de705524', '67e2314d-528d-46ba-bcb8-fb9401c92793', NULL),
	('2226bdb7-4c1e-4631-a0ff-a453025adf4f', '간결하면서도 핵심을 잘 전달해주셔서 감사합니다!', '2024-12-04 04:00:00.000000', '2024-12-04 04:00:00.000000', b'0', '1d1a76bb-8da1-45b3-8d87-23650e21f4c3', '8fcc64bc-6018-4f24-9dce-ae7160bf106b', NULL),
	('249e5a71-74c0-439f-a2b2-55a9c744983c', '정말 유익한 글이었습니다. 글쓴이의 연구가 더 궁금하네요!', '2024-12-04 06:30:00.000000', '2024-12-04 06:30:00.000000', b'0', '0936f880-ef1f-4966-9468-87174b5ecb40', '5bd48115-9536-4151-865c-057d073b2dc2', NULL),
	('24c41543-94be-4e5b-b2c3-3a2287afe83c', '매우 상세하고 잘 설명된 글입니다. 앞으로도 이런 글 많이 부탁드려요.', '2024-12-04 19:30:00.000000', '2024-12-04 19:30:00.000000', b'0', 'a5a826d1-a91e-41aa-b719-a1e67893e393', '9d6fa4b8-7a0a-4abc-bfe4-6a2929a896e0', NULL),
	('28783506-97b9-4456-9a1a-359132ec6f0d', '간단하면서도 유익한 정보네요. 잘 읽었습니다!', '2024-12-04 20:30:00.000000', '2024-12-04 20:30:00.000000', b'0', '07f6ef86-e9a4-4d85-a6fd-2629f4155dbd', '8fcc64bc-6018-4f24-9dce-ae7160bf106b', NULL),
	('2b2a7513-dd93-4185-9e6b-b4aa09b36753', '이 글을 보고 많은 도움이 되었어요! 공유해주셔서 감사합니다.', '2024-12-05 11:00:00.000000', '2024-12-05 11:00:00.000000', b'0', '289ef17d-9619-417e-ae86-0fbd06ed0d18', '506bedb9-fa45-4700-8372-bee147a12ec2', NULL),
	('3305d5d0-2625-450d-9aa7-64be8580a0e1', '좋은 정보 감사해요! 계속 이런 글 기대할게요.', '2024-12-05 12:30:00.000000', '2024-12-05 12:30:00.000000', b'0', '0ab97bf5-b85b-4ed5-bddc-43565eb790a9', '9119a18e-435c-4738-911c-0920fe538db3', NULL),
	('34debc6d-5ad3-423b-92ff-7c121fcfdeb7', '잘 정리된 글 감사합니다. 덕분에 더 쉽게 이해했어요!', '2024-12-04 17:00:00.000000', '2024-12-04 17:00:00.000000', b'0', '9d39ba93-78c2-40fc-94db-ff436bfa56a2', '7a92ae42-876c-4297-9b5c-95c6e7de2eda', NULL),
	('3c20a89a-d262-4134-a7d8-0a9f22ceb845', '이 글을 통해 많은 것을 배웠습니다. 감사합니다!', '2024-12-04 18:30:00.000000', '2024-12-04 18:30:00.000000', b'0', '4e134e49-2ac2-4067-8249-30bbe3187845', '06a99a75-7bed-4943-9b7b-9ef9a1377bf3', NULL),
	('42ef6372-a731-4cfd-afb5-8bd75bd0123d', '잘 정리된 글 덕분에 주제를 쉽게 이해할 수 있었습니다. 고맙습니다!', '2024-12-04 05:00:00.000000', '2024-12-04 05:00:00.000000', b'0', 'b4189de4-8e1b-483a-97f1-4d0cdbe7b934', '99571590-bf45-4ad0-ac32-de1c7cb1b1ff', NULL),
	('58e349d3-3767-4b7f-9349-ab0846d9f04d', '잘 읽었습니다. 추가적인 예시나 자료도 있으면 좋겠어요.', '2024-12-04 09:30:00.000000', '2024-12-04 09:30:00.000000', b'0', '0b453864-7834-42ed-bb42-d82f9d7240f2', 'f78f04bf-eccd-4f7a-8389-6b241a7a6aae', NULL),
	('596a6d56-d654-4bf8-998b-6af0a130ef31', '이 글에서 다룬 주제가 매우 흥미롭네요! 더 많은 정보를 알고 싶습니다.', '2024-12-04 11:00:00.000000', '2024-12-04 11:00:00.000000', b'0', 'f074d100-f5be-499d-855f-e3c00102845b', 'eefeb37c-8b04-4016-b8a9-53c2dd9593ca', NULL),
	('5c7eca5a-6083-4627-a455-db142432bd61', '설명이 너무 상세하고 쉽게 이해돼서 좋아요!', '2024-12-05 11:30:00.000000', '2024-12-05 11:30:00.000000', b'0', '3a849c74-8904-4537-a3a8-e3b73961399a', '9d6fa4b8-7a0a-4abc-bfe4-6a2929a896e0', NULL),
	('5e79f5e0-d246-4ca8-9554-dc1c8ea42cbd', '정말 인상 깊은 글이네요. 글을 읽고 많은 것을 배웠습니다!', '2024-12-04 03:30:00.000000', '2024-12-04 03:30:00.000000', b'0', 'c4304cc1-3857-45d2-b2bc-1cf4cd1f35ee', '08ff8005-3bae-453c-b2f9-d6fa24b57901', NULL),
	('7ca908ec-73ba-46b0-8653-c52773866ee3', '잘 정리된 글이라 정말 이해하기 쉬웠어요. 앞으로도 기대됩니다!', '2024-12-04 07:00:00.000000', '2024-12-04 07:00:00.000000', b'0', '012348c2-b5af-4612-ae40-7a85051e4206', '54a8cbc2-b17e-419a-b22f-8cf7bb795c29', NULL),
	('7ea893eb-9147-4198-810a-12189af3f2ef', '이 주제에 대해 더 깊이 있는 논의가 있었으면 좋겠어요. 잘 읽었습니다.', '2024-12-04 05:30:00.000000', '2024-12-04 05:30:00.000000', b'0', '0f60e2fa-8b8d-494a-a7dc-1aa1be073678', '506bedb9-fa45-4700-8372-bee147a12ec2', NULL),
	('80aa6243-f97a-4b89-824f-13bfe28a2448', '재미있고 유익한 정보 감사합니다. 추가적인 내용도 궁금하네요!', '2024-12-04 08:00:00.000000', '2024-12-04 08:00:00.000000', b'0', '83974a1c-7581-4cef-9481-0d5f02fa8a8f', 'e8362a5d-c1ed-44ee-b500-4d78bab95476', NULL),
	('82a840db-de37-4ea7-ac65-11d225c925a0', '이 주제에 대해 더 알고 싶어요. 추가적인 정보가 있으면 알려주세요.', '2024-12-04 16:30:00.000000', '2024-12-04 16:30:00.000000', b'0', '080d15fe-cf39-424e-a67d-e17bc1de534d', '4651812a-ecf6-4422-b6a4-775620724175', NULL),
	('89f9787c-0e95-4875-b5bb-3aa74a2a5a3d', '이 포스트 덕분에 많은 것을 배웠습니다. 정말 감사합니다!', '2024-12-04 10:30:00.000000', '2024-12-04 10:30:00.000000', b'0', '8a3a14b2-ab57-4974-9175-1144d1e67e41', '9790d693-9538-4950-b6d9-e01befcbadac', NULL),
	('91d2e0b5-ae44-4af3-96d4-0c5b9c50d26f', '좋은 정보 감사합니다! 제가 시도해봐야겠어요.', '2024-12-04 22:00:00.000000', '2024-12-04 22:00:00.000000', b'0', '959c7d92-8a71-4149-ab4d-7f14812a27ac', '4651812a-ecf6-4422-b6a4-775620724175', NULL),
	('a1c9a3ef-165e-4c9b-b3f6-761db17707ab', '이 포스트를 통해 많은 것을 배웠습니다. 정말 유익했어요!', '2024-12-04 15:00:00.000000', '2024-12-04 15:00:00.000000', b'0', '0bea6e68-30ea-4b6a-bd07-155e05a90f95', '5adbccb7-1587-4650-b6b9-776fb0b09ed8', NULL),
	('a42fd623-e576-4b04-b497-49f8efcb0357', '이 글은 정말 유익하네요. 더 많은 팁을 부탁드립니다!', '2024-12-04 21:00:00.000000', '2024-12-04 21:00:00.000000', b'0', 'eefe52fe-5527-4fac-b513-c3748e139f79', '8fb98fb6-6b3c-4a00-92f8-68a0f53bf0ae', NULL),
	('a851ff0a-c6fc-4590-b893-8e4077d7f7ce', '진짜 좋은 팁이네요. 또 다른 글도 기대할게요!', '2024-12-05 10:30:00.000000', '2024-12-05 10:30:00.000000', b'0', '45934b4e-1b7e-4f6d-ad85-0566d552a97c', '5bd48115-9536-4151-865c-057d073b2dc2', NULL),
	('a8d99c11-7a0c-4c5e-a01d-1674e49d2f04', '이 방법을 사용해서 정말 효과를 봤어요. 강력 추천합니다!', '2024-12-05 12:00:00.000000', '2024-12-05 12:00:00.000000', b'0', 'fc88ef1a-21f2-40bf-ac23-15bb3fe16319', '7a92ae42-876c-4297-9b5c-95c6e7de2eda', NULL),
	('b105ff09-6d48-41fa-82ea-265de97e8478', '이 글은 정말 유익하네요. 더 많은 정보가 궁금합니다.', '2024-12-04 08:30:00.000000', '2024-12-04 08:30:00.000000', b'0', 'efae056d-e218-42e8-8c8f-dbd8eeda8cd1', '9d6fa4b8-7a0a-4abc-bfe4-6a2929a896e0', NULL),
	('b3386d9f-f5f6-4de2-b1c7-7b1dc0baa944', '이런 글이 정말 필요했어요. 덕분에 많이 배웠습니다.', '2024-12-04 22:30:00.000000', '2024-12-04 22:30:00.000000', b'0', 'd2ea71be-262f-4155-a7c9-310e6e22cace', '15697d14-7a19-46a4-accb-7c494599ea00', NULL),
	('b61bf308-f709-487f-8061-efe707c175e6', '아주 잘 설명되어 있어서 이해가 쉬웠습니다. 좋은 정보 감사합니다!', '2024-12-04 18:00:00.000000', '2024-12-04 18:00:00.000000', b'0', '1cb04950-5d72-44e5-9528-22f4076b9cca', '471432b6-ff68-4f1d-a987-45b0c99ee32e', NULL),
	('b9f0e7de-f185-4e79-bb97-ffbd0a36a9f1', '주제에 대한 깊이가 있어 인상적이었습니다. 감사합니다!', '2024-12-04 10:00:00.000000', '2024-12-04 10:00:00.000000', b'0', 'dcd96622-07de-4568-aad5-37472adefca5', '8fb98fb6-6b3c-4a00-92f8-68a0f53bf0ae', NULL),
	('ba9f6575-3cb0-40b5-865a-6c25a41277e9', '좋은 정보 감사합니다! 더 알아보고 싶네요.', '2024-12-04 20:00:00.000000', '2024-12-04 20:00:00.000000', b'0', 'f558b921-771b-4e96-a8ef-fe1e045376eb', '445cefdf-599e-4c98-8825-91da6bc2cc46', NULL),
	('bd81877b-d513-4775-bfb6-494c04dc03de', '해보니 정말 유용하네요! 다른 사람들에게도 추천할게요.', '2024-12-05 09:30:00.000000', '2024-12-05 09:30:00.000000', b'0', '0f3125ea-80cb-4a5b-8af2-61cf122f7b31', '7da7183d-1726-458a-a620-93590251ca85', NULL),
	('be86ccd3-73b0-4cda-8ccb-e406ee071645', '정말 유익한 글이네요! 다시 읽어보며 더 공부할 수 있을 것 같습니다.', '2024-12-04 16:00:00.000000', '2024-12-04 16:00:00.000000', b'0', '2039cfe3-aeb4-4d11-8e46-68061150667c', '348d99fe-8c08-436a-8597-31c64598a2f0', NULL),
	('c1929bfa-add5-4201-bcf0-c7acaa9da74e', '완전 도움이 되네요! 이렇게 쉽게 설명해주셔서 감사합니다.', '2024-12-04 23:00:00.000000', '2024-12-04 23:00:00.000000', b'0', 'a07632a9-4622-4805-a156-85530b7be6f7', '471432b6-ff68-4f1d-a987-45b0c99ee32e', NULL),
	('cc6626a4-5182-40e9-ac04-30844526542a', '다음 글도 기대됩니다! 이렇게 유익한 정보를 제공해 주셔서 감사합니다.', '2024-12-04 12:30:00.000000', '2024-12-04 12:30:00.000000', b'0', 'fb752171-f8a2-443e-8d77-965e094c2d62', 'de7c3a39-186b-476b-9763-cc1ef2c3fadc', NULL),
	('cd1b0e9f-b1f6-4dd1-ab04-1cb8ff4815ce', '상세한 설명 덕분에 이해하기 쉬웠어요. 감사합니다.', '2024-12-05 10:00:00.000000', '2024-12-05 10:00:00.000000', b'0', '4c5a1728-20e3-46e8-acf3-fff3d1f69425', '5adbccb7-1587-4650-b6b9-776fb0b09ed8', NULL),
	('ce156a82-c02a-4118-ab24-1443b72c8073', '설명이 정말 깔끔하고 이해하기 쉬웠어요. 감사합니다!', '2024-12-04 21:30:00.000000', '2024-12-04 21:30:00.000000', b'0', 'e900b934-f8f3-46ef-b85b-65c5811c0824', '348d99fe-8c08-436a-8597-31c64598a2f0', NULL),
	('ce28e711-4cf4-4ce3-9901-4866c3248673', '정말 유익한 정보네요! 바로 적용해봐야겠어요.', '2024-12-05 08:30:00.000000', '2024-12-05 08:30:00.000000', b'0', '56f8c025-a973-4f82-9cd8-27b4677fc5ac', '4b319be7-a20d-464f-9ad0-6bc5d401d48c', NULL),
	('d1f38d84-2f57-444e-93f1-4e7fcf75bdc9', '잘 설명되어 있어서 쉽게 이해할 수 있었습니다. 감사합니다!', '2024-12-04 11:30:00.000000', '2024-12-04 11:30:00.000000', b'0', '7200f7f2-18c2-4071-931f-be7bda31ce05', '8e968eff-bb85-4cf0-a2c1-cb11bd0733fd', NULL),
	('d5f655f6-6f37-4940-9e51-8240caa86832', '이 글을 읽고 많은 도움이 되었습니다. 추가적인 팁도 있으면 공유해주세요!', '2024-12-04 17:30:00.000000', '2024-12-04 17:30:00.000000', b'0', 'd4e54c6f-46ac-463d-9717-931dd1a9702f', '1a8c7c68-0fe6-4f80-a1f7-db71a9470731', NULL),
	('d6369a93-8266-4741-b1ae-ce4f28dc3c97', '정말 유익한 내용이네요. 적극적으로 활용해봐야겠어요.', '2024-12-05 13:00:00.000000', '2024-12-05 13:00:00.000000', b'0', '7993d9dd-2718-4ef4-bfec-2bee84885381', 'e8362a5d-c1ed-44ee-b500-4d78bab95476', NULL),
	('da336518-a62a-4b2f-81eb-29e0e83af1d6', '이 주제에 대한 설명이 정말 잘 되어 있어요. 덕분에 쉽게 이해했어요!', '2024-12-04 14:00:00.000000', '2024-12-04 14:00:00.000000', b'0', 'bb9dbe5b-c97b-428b-a440-f8065888c0f9', '4b319be7-a20d-464f-9ad0-6bc5d401d48c', NULL),
	('dc590415-ff75-47de-bfde-45826db462b8', '이런 팁은 정말 유용합니다. 실제로 적용해보겠습니다!', '2024-12-04 19:00:00.000000', '2024-12-04 19:00:00.000000', b'0', 'c4b9ad22-298e-49ed-80be-1102b7ceee9a', '7da7183d-1726-458a-a620-93590251ca85', NULL),
	('e260545a-85fa-4660-9777-2cb134edc51b', '매우 유익한 내용이었습니다! 더 많은 팁을 알고 싶어요.', '2024-12-04 13:00:00.000000', '2024-12-04 13:00:00.000000', b'0', 'd8dd07a1-bb8d-49d6-9cd7-6fdf7975a434', 'd9870e59-0285-4aef-9fb8-f0b84bc422b4', NULL),
	('e2d3e52e-0d03-421c-a2ed-0ea8363d2408', '간단명료한 설명이 마음에 들어요. 감사합니다!', '2024-12-04 15:30:00.000000', '2024-12-04 15:30:00.000000', b'0', '9dc6f215-28e7-4212-9a76-5f1fa6f9ad2d', '9d6fa4b8-7a0a-4abc-bfe4-6a2929a896e0', NULL),
	('e704c6bc-3a4d-4c6c-bfa8-2aaa093dd697', '이 주제에 대해 더 많이 다뤄주셨으면 좋겠어요. 기대됩니다!', '2024-12-04 04:30:00.000000', '2024-12-04 04:30:00.000000', b'0', '3b64907d-36da-450b-ad6c-02f948b17cc5', '368de3a0-e332-4cbd-ac9f-eb8f39c7a97e', NULL),
	('ed1525c1-7902-4ea2-bece-888ed4620766', '굉장히 흥미로운 글입니다. 꼭 다시 읽어봐야겠어요!', '2024-12-04 14:30:00.000000', '2024-12-04 14:30:00.000000', b'0', '04bdd6bd-91a8-4e30-a675-c8183345066c', 'f78f04bf-eccd-4f7a-8389-6b241a7a6aae', NULL),
	('ef22bc67-dee5-4127-b4fb-23b1ce81d28b', '이 글을 읽고 나니 더 많은 정보를 알고 싶어졌어요. 감사합니다!', '2024-12-04 06:00:00.000000', '2024-12-04 06:00:00.000000', b'0', '6f88a869-b28b-41ce-8d72-6f3bebc5a6f7', '7a92ae42-876c-4297-9b5c-95c6e7de2eda', NULL);

-- 테이블 데이터 kkomoadopt.community_post:~75 rows (대략적) 내보내기
INSERT IGNORE INTO `community_post` (`post_uid`, `delete_reason`, `is_deleted`, `post_category`, `post_content`, `post_created_at`, `post_id`, `post_img_url`, `post_title`, `post_updated_at`, `post_view_count`, `user_id`) VALUES
	('012348c2-b5af-4612-ae40-7a85051e4206', 'NULL', b'0', 'BUYANDSELL', '고급 강아지 배변패드를 판매합니다. 한 박스에 100매 들어있으며, 흡수력이 뛰어나고 냄새 차단 기능이 탁월합니다. 상태 매우 좋고, 사용기한은 2025년 5월까지입니다. 가격은 20,000원입니다. 필요하신 분은 연락 주세요.', '2024-12-03 20:15:00.000000', 25, '["http://localhost:8080/upload/a90975fb-79d5-4487-9289-60c12b727023.jpg"]', '고급 강아지 배변패드 판매합니다', '2024-12-03 20:15:00.000000', 150, '506bedb9-fa45-4700-8372-bee147a12ec2'),
	('04bdd6bd-91a8-4e30-a675-c8183345066c', 'NULL', b'0', 'BUYANDSELL', '고양이 장난감 세트 판매합니다. 고양이가 좋아할 만한 터널, 공, 레이저 포인터 등이 포함되어 있습니다. 새 제품으로 한 번도 사용하지 않았습니다.', '2024-12-04 04:00:00.000000', 40, '["http://localhost:8080/upload/91cdbada-0dde-466e-94f7-a9b5ad334bee.jpg"]', '고양이 장난감 세트 팝니다! 터널, 공, 레이저 포인터', '2024-12-04 04:00:00.000000', 150, '8fb98fb6-6b3c-4a00-92f8-68a0f53bf0ae'),
	('07f6ef86-e9a4-4d85-a6fd-2629f4155dbd', 'NULL', b'0', 'REPORT', '동물 시장에서 불법 밀매가 의심되는 상황을 목격했습니다. 여러 종류의 동물들이 합법적인 절차 없이 판매되고 있으며, 이에 대해 신고하고자 합니다.', '2024-12-04 13:30:00.000000', 52, '["http://localhost:8080/upload/e69158cc-0a3a-41c5-a966-fdc0f34c83ea.jpg"]', '불법 동물 밀매 의심 신고', '2024-12-04 13:30:00.000000', 300, '99571590-bf45-4ad0-ac32-de1c7cb1b1ff'),
	('080d15fe-cf39-424e-a67d-e17bc1de534d', 'NULL', b'0', 'REPORT', '온라인에서 불법 애완동물 판매자가 있음을 확인했습니다. 특정 사이트에서 불법적으로 애완동물을 판매하고 있으며, 이는 동물 보호법을 위반한 행위입니다. 신고합니다.', '2024-12-04 08:00:00.000000', 44, '["http://localhost:8080/upload/ff723a2c-a9b4-4baa-b272-bc18a231af74.jpg"]', '불법 애완동물 판매 신고합니다', '2024-12-04 08:00:00.000000', 180, '54a8cbc2-b17e-419a-b22f-8cf7bb795c29'),
	('0936f880-ef1f-4966-9468-87174b5ecb40', 'NULL', b'0', 'FINDCHILD', '2024년 12월 2일 대전 중구에서 검은색 고양이가 실종되었습니다. 성격이 매우 온순하며, 목에 하얀색 목걸이를 착용하고 있습니다. 찾으신 분은 연락 부탁드립니다.', '2024-12-03 20:00:00.000000', 24, '["http://localhost:8080/upload/d63c38c7-a3e2-4b21-bc7c-f0a091db64fe.jpg"]', '대전 중구에서 실종된 고양이 찾습니다', '2024-12-03 20:00:00.000000', 280, '9790d693-9538-4950-b6d9-e01befcbadac'),
	('09b0f7ab-6e9f-48e5-bb18-206f05e9c073', 'NULL', b'0', 'ANNOUNCEMENT', '새로운 가족을 기다리는 유기견들을 소개합니다. 다양한 품종의 유기견들이 입양을 기다리고 있습니다. 관심이 있는 분들은 보호소를 방문하여 상담을 받으세요.', '2024-12-04 19:00:00.000000', 70, '[]', '유기견 보호소 신규 입양견 소개', '2024-12-04 19:00:00.000000', 180, 'dcb02621-65da-489b-98f7-0cbe85386d92'),
	('0ab97bf5-b85b-4ed5-bddc-43565eb790a9', 'NULL', b'0', 'ADOPTREVIEW', '입양한 지 하루가 지났습니다! 처음에는 조금 낯설어했지만, 이제는 우리 집에서 편안하게 지내고 있어요. 너무 사랑스러운 강아지입니다. 함께한 시간들이 너무 행복해요.', '2024-12-01 10:00:00.000000', 2, '["http://localhost:8080/upload/5dd42790-4581-4892-ae49-316d17459310.jpg", "http://localhost:8080/upload/185a74cf-d8cf-41eb-b45f-9de9f339baee.jpg", "http://localhost:8080/upload/661d4553-4b02-4978-8199-fad356fa57fe.jpg", "http://localhost:8080/upload/af730270-71ef-4031-86ef-efb51ac95d80.jpg"]', '우리 강아지 입양 후 첫날 이야기', '2024-12-01 10:00:00.000000', 512, '8fcc64bc-6018-4f24-9dce-ae7160bf106b'),
	('0b453864-7834-42ed-bb42-d82f9d7240f2', 'NULL', b'0', 'BUYANDSELL', '고급 스테인리스 강아지 사료 그릇 세트를 판매합니다. 2개 세트로, 내구성이 뛰어나며, 청소가 간편합니다. 크기는 중형 강아지에게 적합하고, 상태는 매우 좋습니다. 가격은 15,000원입니다.', '2024-12-03 22:00:00.000000', 30, '["http://localhost:8080/upload/fc886cf5-6478-42f3-9162-913862eb9626.jpg"]', '고급 스테인리스 강아지 사료 그릇 세트 판매', '2024-12-03 22:00:00.000000', 150, '8e968eff-bb85-4cf0-a2c1-cb11bd0733fd'),
	('0bea6e68-30ea-4b6a-bd07-155e05a90f95', 'NULL', b'0', 'ADOPTREVIEW', '\'구름\'을 입양한 지 며칠 됐는데 정말 사랑스러운 아이예요! 처음에는 조금 낯설어했지만, 이제는 집안 곳곳을 돌아다니며 나랑 함께 놀자고 해요. 가족이 되어줘서 고마워요!', '2024-12-04 05:00:00.000000', 41, '["http://localhost:8080/upload/84d3deb6-767e-4ab6-8970-15ff1780e3ce.jpg", "http://localhost:8080/upload/13065c33-6781-4457-b941-3c5b0461a4f8.jpg", "http://localhost:8080/upload/b50e1534-994e-466e-ae73-c97855fae87d.jpg", "http://localhost:8080/upload/d8a1349b-ddb6-4d60-b39b-12f7455c1a25.jpg"]', '입양한 강아지 \'구름\'의 첫날', '2024-12-04 05:00:00.000000', 300, '8fcc64bc-6018-4f24-9dce-ae7160bf106b'),
	('0f3125ea-80cb-4a5b-8af2-61cf122f7b31', 'NULL', b'0', 'BUYANDSELL', '강아지 사료 10kg 판매합니다. 유기농 원료로 만들어진 고품질 사료로, 저희 강아지가 먹지 않아서 판매합니다. 유통기한은 2025년 6월까지입니다. 가격은 25,000원입니다.', '2024-12-04 18:30:00.000000', 60, '["http://localhost:8080/upload/c38418ec-954d-479b-b1ba-220b9d834ac1.jpg"]', '강아지 사료 10kg 판매합니다.', '2024-12-04 18:30:00.000000', 220, '7da7183d-1726-458a-a620-93590251ca85'),
	('0f60e2fa-8b8d-494a-a7dc-1aa1be073678', 'NULL', b'0', 'BUYANDSELL', '고급 고양이 캣타워를 판매합니다. 여러 층으로 구성되어 있으며, 고양이가 편안하게 쉴 수 있는 공간이 많습니다. 상태 매우 양호하고, 사용감이 거의 없습니다. 가격은 45,000원입니다.', '2024-12-03 19:15:00.000000', 22, '["http://localhost:8080/upload/ef797349-d03f-41ad-ade3-b4e2288de882.jpg"]', '고급 고양이 캣타워 판매합니다', '2024-12-03 19:15:00.000000', 210, '8fcc64bc-6018-4f24-9dce-ae7160bf106b'),
	('196f2fce-4daa-4973-8005-8772ff4bf854', 'NULL', b'0', 'FINDCHILD', '대전에서 흰색 고양이 \'눈송이\'가 실종되었습니다. 이름처럼 하얀 털을 가진 고양이로, 목걸이는 없으며, 다소 소심한 성격입니다. 보신 분은 꼭 연락 주세요.', '2024-12-04 01:00:00.000000', 35, '["http://localhost:8080/upload/d3927e25-7960-47f7-9284-ed0b034e7d2f.jpg"]', '대전에서 실종된 고양이 \'눈송이\' 찾습니다', '2024-12-04 01:00:00.000000', 145, '9d6fa4b8-7a0a-4abc-bfe4-6a2929a896e0'),
	('1b7f8310-1f2d-443c-991f-06401c3cf975', 'NULL', b'0', 'FINDCHILD', '부산 해운대구에서 2024년 12월 2일 고양이가 실종되었습니다. 흰색 고양이이며, 눈 주위에 얼룩이 있습니다. 목격하신 분은 연락 주세요.', '2024-12-03 12:15:00.000000', 9, '["http://localhost:8080/upload/3546166d-4967-4a86-80df-77a98ac63975.jpg"]', '부산 해운대구에서 실종된 고양이 찾습니다', '2024-12-03 12:15:00.000000', 309, 'cdfc0ea0-cc93-4468-a50b-c89bd2071ef6'),
	('1cb04950-5d72-44e5-9528-22f4076b9cca', 'NULL', b'0', 'REPORT', '오늘 아침, 공원에서 유기된 고양이를 발견했습니다. 고양이는 매우 약해 보였고, 즉시 동물 보호소에 연락했습니다. 유기동물 문제에 대한 빠른 대처가 필요합니다.', '2024-12-04 09:30:00.000000', 47, '["http://localhost:8080/upload/631322bd-1207-4e00-9608-9e89681c65c3.jpg"]', '고양이 유기 신고', '2024-12-04 09:30:00.000000', 210, '7a92ae42-876c-4297-9b5c-95c6e7de2eda'),
	('1d1a76bb-8da1-45b3-8d87-23650e21f4c3', 'NULL', b'0', 'FINDCHILD', '2024년 12월 2일, 서울 서초구에서 흰색과 회색 털을 가진 고양이가 실종되었습니다. 성격이 온순하고, 목걸이를 착용하고 있습니다. 찾으신 분은 연락 주세요.', '2024-12-03 18:20:00.000000', 19, '["http://localhost:8080/upload/673b4150-c7bd-4b9e-8965-a72d6d508e05.jpg"]', '서울 서초구에서 실종된 고양이 찾습니다', '2024-12-03 18:20:00.000000', 350, 'f78f04bf-eccd-4f7a-8389-6b241a7a6aae'),
	('1e9267e4-c63b-4822-9e33-4c903e32f33b', 'NULL', b'0', 'FINDCHILD', '2024년 12월 1일 경기도 고양시에서 작은 흰색 강아지가 실종되었습니다. 눈 주위에 검은 얼룩이 있으며, 매우 친근한 성격입니다. 목격하신 분은 연락 부탁드립니다.', '2024-12-03 15:30:00.000000', 11, '["http://localhost:8080/upload/f4870e9a-c0b8-47b6-bf6a-3acaeb2ffaf0.jpg"]', '경기도 고양시에서 실종된 강아지 찾습니다', '2024-12-03 15:30:00.000000', 450, '348d99fe-8c08-436a-8597-31c64598a2f0'),
	('1f6e13cd-bf9f-41ff-b774-9988a7f73868', 'NULL', b'0', 'ANNOUNCEMENT', '유기견 보호소에서는 새벽 산책 봉사자를 모집합니다. 유기견들에게 아침 산책을 제공해 줄 자원봉사자분들의 참여를 부탁드립니다. 자세한 내용은 공지사항을 참고해 주세요.', '2024-12-04 23:00:00.000000', 74, '[]', '유기견 보호소 새벽 산책 봉사자 모집', '2024-12-04 23:00:00.000000', 150, 'dcb02621-65da-489b-98f7-0cbe85386d92'),
	('2039cfe3-aeb4-4d11-8e46-68061150667c', 'NULL', b'0', 'ADOPTREVIEW', '\'토리\'를 입양한 후 첫날부터 반가워하며 다가와줬어요. 아주 기분 좋은 시작이었고, 이제는 집 안을 뛰어다니며 에너지를 발산하고 있어요! 정말 사랑스러운 아이입니다.', '2024-12-04 06:00:00.000000', 43, '["http://localhost:8080/upload/6f18f00a-d092-4cf7-a0e1-19ae9a74579f.jpg", "http://localhost:8080/upload/d4a2b3e6-093b-4544-9482-32abd2dd834c.jpg", "http://localhost:8080/upload/e5869e9b-e16e-49c1-b550-b4b83fb69c03.jpg", "http://localhost:8080/upload/f3db913a-5405-4235-9ddb-21786d002707.jpg"]', '우리 집에 온 \'토리\', 첫 인사', '2024-12-04 06:00:00.000000', 180, '99571590-bf45-4ad0-ac32-de1c7cb1b1ff'),
	('2847db03-d380-4f73-a876-97561bc77312', 'NULL', b'0', 'FINDCHILD', '2024년 11월 30일 대구 수성구에서 고양이가 실종되었습니다. 회색 털을 가진 고양이로, 발끝에 작은 흰색 반점이 있습니다. 목격하신 분은 연락 부탁드립니다.', '2024-12-03 17:00:00.000000', 15, '["http://localhost:8080/upload/16065b40-28fd-4d87-a9e5-fec9902c1a31.jpg"]', '대구 수성구에서 실종된 고양이 찾습니다', '2024-12-03 17:00:00.000000', 560, '9790d693-9538-4950-b6d9-e01befcbadac'),
	('289ef17d-9619-417e-ae86-0fbd06ed0d18', 'NULL', b'0', 'FINDCHILD', '서울 강남구 역삼동에서 2024년 11월 25일, 고양이가 실종되었습니다. 고양이는 흰색과 회색이 섞인 털을 가지고 있으며, 귀가 조금 찢어져 있습니다. 목격하신 분은 연락 부탁드립니다. 연락처: 010-1234-5678', '2024-11-25 14:32:00.000000', 1, '["http://localhost:8080/upload/37b47012-3c8e-4cb8-b188-9408a9d5fc29.jpg"]', '서울 강남구에서 실종된 고양이 찾습니다!', '2024-11-25 14:32:00.000000', 234, '506bedb9-fa45-4700-8372-bee147a12ec2'),
	('2d3c78ab-f8de-4842-804a-f6edca5efed1', 'NULL', b'0', 'ANNOUNCEMENT', '우리 보호소의 유기견들이 치료를 받고 있습니다. 치료비 후원을 위한 캠페인이 시작되었습니다. 작은 금액이라도 많은 도움이 됩니다. 후원에 참여해 주세요.', '2024-12-04 13:00:00.000000', 64, '[]', '유기견 병원비 후원 캠페인 안내', '2024-12-04 13:00:00.000000', 120, 'dcb02621-65da-489b-98f7-0cbe85386d92'),
	('3a849c74-8904-4537-a3a8-e3b73961399a', 'NULL', b'0', 'BUYANDSELL', '강아지용 운동기구를 판매합니다. 상태는 아주 좋고, 거의 사용하지 않았습니다. 크기는 중형견용이며, 가격은 20만원입니다. 서울 지역에서 직거래 가능합니다. 관심 있는 분은 연락 주세요.', '2024-11-28 18:20:00.000000', 3, '["http://localhost:8080/upload/bf8f69ad-5a05-4726-a2ae-31db98a2e936.jpg"]', '강아지 운동기구 판매합니다', '2024-11-28 18:20:00.000000', 650, '99571590-bf45-4ad0-ac32-de1c7cb1b1ff'),
	('3b64907d-36da-450b-ad6c-02f948b17cc5', 'NULL', b'0', 'BUYANDSELL', '고급 강아지 침대를 판매합니다. 중형견용으로, 푹신한 메모리폼이 장착되어 있어 강아지가 편안하게 쉴 수 있습니다. 상태는 매우 양호하며, 사용감이 거의 없습니다. 가격은 50,000원에 판매합니다.', '2024-12-03 17:30:00.000000', 20, '["http://localhost:8080/upload/e07b0090-310f-4764-b449-b506b5a346b1.jpg"]', '고급 강아지 침대 판매합니다 (중형견용)', '2024-12-03 17:30:00.000000', 250, '471432b6-ff68-4f1d-a987-45b0c99ee32e'),
	('45934b4e-1b7e-4f6d-ad85-0566d552a97c', 'NULL', b'0', 'REPORT', '오늘 아침 서울 강남구 논현동 공원 주변에서 어린 강아지 3마리가 버려진 채 발견되었습니다. 추정 나이는 2-3개월로 보이며, 영양실조와 상처의 흔적이 있어 즉각적인 구조가 필요해 보입니다. 근처 동물보호센터나 관계자분들의 신속한 대응을 요청드립니다.', '2024-12-02 16:45:00.000000', 4, '["http://localhost:8080/upload/54cb159c-40c7-41da-9742-b635062fa244.jpg"]', '버려진 강아지 3마리 발견, 긴급 도움 필요', '2024-12-02 16:45:00.000000', 324, '7a92ae42-876c-4297-9b5c-95c6e7de2eda'),
	('4a4713ff-84f6-46d9-9055-94a1ba61e69e', 'NULL', b'0', 'REPORT', '충청북도 청주시 외곽의 한 농장에서 극심한 동물 학대 정황을 목격하고 신고합니다. 다수의 가축들이 극도로 열악한 환경에서 사육되고 있으며, 심각한 영양실조와 질병 증상을 보이고 있습니다. 농림축산식품부와 동물보호단체의 즉각적인 조사를 강력히 요청드립니다.', '2024-12-03 21:30:00.000000', 29, '["http://localhost:8080/upload/acd56577-a0cc-42ac-b48e-463d4f6a6deb.jpg"]', '농장에서 발견된 심각한 동물 학대 정황', '2024-12-03 21:30:00.000000', 70, '1a8c7c68-0fe6-4f80-a1f7-db71a9470731'),
	('4c4f0ed3-34f2-4d1a-8f6e-b2b0f9bb5ff5', 'NULL', b'0', 'ANNOUNCEMENT', '유기견 보호소에서는 외부 봉사활동도 진행합니다. 보호소와 협력하여 유기견을 위한 봉사활동에 참여하실 분들의 많은 관심 부탁드립니다. 자세한 사항은 공지사항을 확인해 주세요.', '2024-12-04 15:00:00.000000', 66, '[]', '유기견 보호소 외부 봉사활동 안내', '2024-12-04 15:00:00.000000', 130, 'dcb02621-65da-489b-98f7-0cbe85386d92'),
	('4c5a1728-20e3-46e8-acf3-fff3d1f69425', 'NULL', b'0', 'BUYANDSELL', '강아지 목줄과 리드줄 세트를 판매합니다. 고급 소재로 제작된 제품으로, 크기는 중형견용입니다. 상태는 매우 양호하며, 2023년 12월에 구입한 제품입니다. 가격은 15,000원이며, 직거래 가능합니다.', '2024-12-03 11:20:00.000000', 6, '["http://localhost:8080/upload/4b632f86-1b12-4834-8ff4-75c63fccb972.jpg"]', '강아지 목줄과 리드줄 세트 판매합니다', '2024-12-03 11:20:00.000000', 412, '08ff8005-3bae-453c-b2f9-d6fa24b57901'),
	('4e134e49-2ac2-4067-8249-30bbe3187845', 'NULL', b'0', 'FINDCHILD', '\'미미\'는 지난 12월 2일 오후 3시경 우리 집 근처에서 실종되었습니다. 흰색과 회색이 섞인 털을 가지고 있으며, 귀가 약간 접혀 있습니다. 혹시 발견하신 분은 연락 바랍니다.', '2024-12-04 10:30:00.000000', 48, '["http://localhost:8080/upload/fca8c73f-2470-4d02-9d59-c99010e0fbb5.jpg"]', '실종된 고양이 \'미미\'를 찾습니다', '2024-12-04 10:30:00.000000', 220, '08ff8005-3bae-453c-b2f9-d6fa24b57901'),
	('4f641944-3455-44c6-83eb-13c306073796', 'NULL', b'0', 'ADOPTREVIEW', '지난 주 입양한 강아지가 이제 집에 완전히 적응했어요. 너무 사랑스러워서 매일매일 행복합니다. 입양을 망설이지 말고, 사랑을 주면 그만큼 돌아옵니다.', '2024-12-02 19:30:00.000000', 17, '["http://localhost:8080/upload/3866e3e3-9668-4f99-b578-567789c59dae.jpg","http://localhost:8080/upload/aff7ed7e-c973-4d21-80a7-cc2d19a7bed9.jpg","http://localhost:8080/upload/b8b13c3d-d21d-4838-a46c-e4ac143f7006.jpg","http://localhost:8080/upload/f7bdbe46-ae51-499d-95b9-20988d8aa480.jpg"]', '입양 후 첫날, 정말 행복해요', '2024-12-02 19:30:00.000000', 432, '7a92ae42-876c-4297-9b5c-95c6e7de2eda'),
	('56f8c025-a973-4f82-9cd8-27b4677fc5ac', 'NULL', b'0', 'ADOPTREVIEW', '\'코코\'는 입양한 지 1개월 된 고양이입니다. 처음에는 조금 낯설어했지만 이제는 나와 함께 자고, 놀고, 먹고 있어요. \'코코\'는 매우 활동적이고, 장난감을 좋아하는 고양이입니다. 입양 후 정말 많은 행복을 느끼고 있어요.', '2024-12-04 17:00:00.000000', 58, '["http://localhost:8080/upload/3ffb4dd7-edf1-4115-bb70-a5bc2e411a28.jpg", "http://localhost:8080/upload/4a06c539-88dc-4b0b-9b43-cd11ec15e7c3.jpg", "http://localhost:8080/upload/93212074-5f4a-412e-b17f-a7aec68dcb8d.jpg", "http://localhost:8080/upload/da3e0d32-6c09-4723-9813-79bb827c458c.jpg"]', '입양 후 고양이 \'코코\'와의 일상', '2024-12-04 17:00:00.000000', 200, '8fcc64bc-6018-4f24-9dce-ae7160bf106b'),
	('5b264b7b-3b16-4ab2-a7fd-3f8a7a9cf943', 'NULL', b'0', 'ANNOUNCEMENT', '겨울철 유기견 보호소의 안전 관리가 강화됩니다. 추운 날씨로 인한 피해를 최소화하기 위해 보호소 내부 온도 관리 및 유기견들의 건강 상태를 체크할 예정입니다.', '2024-12-04 20:00:00.000000', 71, '[]', '유기견 보호소 겨울철 안전 관리 안내', '2024-12-04 20:00:00.000000', 90, 'dcb02621-65da-489b-98f7-0cbe85386d92'),
	('5cdb9919-89d0-4024-88b5-d9e7d6ad31b6', 'NULL', b'0', 'ANNOUNCEMENT', '입양 후 유기견을 어떻게 잘 돌볼 수 있을지에 대한 팁을 안내드립니다. 유기견들이 새로운 가정에서 잘 적응할 수 있도록 돕기 위한 정보들이 담겨 있습니다. 입양 전 필독해주세요.', '2024-12-04 21:00:00.000000', 72, '[]', '유기견 보호소 입양 후 관리 팁 안내', '2024-12-04 21:00:00.000000', 110, 'dcb02621-65da-489b-98f7-0cbe85386d92'),
	('5d1d30a7-5406-4b89-bad2-4f39de705524', 'NULL', b'0', 'FINDCHILD', '부산 해운대구에서 검은색 푸들이 실종되었습니다. 이름은 \'바니\'이며, 주황색 목줄을 착용하고 있습니다. 목격되신 분은 연락 부탁드립니다.', '2024-12-03 20:30:00.000000', 26, '["http://localhost:8080/upload/1b125e5a-142d-443a-8e8d-847740c0d456.jpg"]', '부산 해운대구에서 실종된 강아지 찾습니다', '2024-12-03 20:30:00.000000', 180, '4b319be7-a20d-464f-9ad0-6bc5d401d48c'),
	('6f1ab178-cb94-4ca3-96c1-967e22eaa350', 'NULL', b'0', 'ANNOUNCEMENT', '우리 보호소의 후원자 여러분을 위한 감사 행사가 12월 10일 진행됩니다. 행사에 참여하셔서 유기견들을 돕는 의미 있는 시간을 보내세요. 자세한 사항은 공지사항을 통해 확인해 주세요.', '2024-12-04 12:00:00.000000', 63, '[]', '유기견 보호소 후원자 감사 행사 안내', '2024-12-04 12:00:00.000000', 150, 'dcb02621-65da-489b-98f7-0cbe85386d92'),
	('6f88a869-b28b-41ce-8d72-6f3bebc5a6f7', 'NULL', b'0', 'REPORT', '광주 광역시 한 대학 캠퍼스 주변에서 최소 10마리 이상의 유기묘가 발견되었습니다. 대부분 어린 고양이들로 영양실조와 질병 의심 증상이 있어 시급한 구조와 치료가 필요해 보입니다. 지역 동물보호센터의 신속한 대응을 호소합니다.', '2024-12-03 19:30:00.000000', 23, '["http://localhost:8080/upload/53b49bdb-0178-4e3d-91e9-eed100171ea7.jpg"]', '대학가 주변 유기묘 대량 발견, 긴급 구조 요청', '2024-12-03 19:30:00.000000', 98, 'f56bff85-d3e5-4c05-9b73-d9441950467a'),
	('7200f7f2-18c2-4071-931f-be7bda31ce05', 'NULL', b'0', 'ADOPTREVIEW', '입양한 고양이 \'미르\'가 집에 오고 나서 적응하기까지 시간이 걸렸지만, 이제는 정말 친근하게 다가와요. 아주 사랑스러운 녀석이에요!', '2024-12-04 00:30:00.000000', 34, '["http://localhost:8080/upload/14c223fe-d9e6-444f-b963-e22a3f1a986c.jpg", "http://localhost:8080/upload/1351058b-8aad-4d2a-8283-36cc31fc6178.jpg", "http://localhost:8080/upload/a3e3cddb-793f-4469-a25b-21c4b23746cb.jpg", "http://localhost:8080/upload/c0d59609-d807-4156-9f9a-8505514d9b65.jpg"]', '입양한 고양이 \'미르\'의 첫날', '2024-12-04 00:30:00.000000', 310, '06a99a75-7bed-4943-9b7b-9ef9a1377bf3'),
	('725718b1-d7e6-4f49-9402-4aff71d13584', 'NULL', b'0', 'BUYANDSELL', '고양이 자동 급식기를 판매합니다. 2식사 설정 가능하며, 스마트폰으로 원격 조정이 가능합니다. 상태 매우 좋고, 2023년 11월에 구입한 제품입니다. 가격은 30,000원이며, 직거래 가능합니다.', '2024-12-03 14:00:00.000000', 10, '["http://localhost:8080/upload/8a186e8c-e4e2-4ffa-ac9d-df3c0f835160.jpg"]', '고양이 자동 급식기 판매합니다', '2024-12-03 14:00:00.000000', 151, 'f78f04bf-eccd-4f7a-8389-6b241a7a6aae'),
	('7993d9dd-2718-4ef4-bfec-2bee84885381', 'NULL', b'0', 'ADOPTREVIEW', '입양한 고양이가 이제 집에 적응해서 잘 지내고 있어요. 처음엔 낯설어했지만, 이제는 사람들과 함께 자고, 잘 먹고 잘 놀아요. 너무 행복합니다.', '2024-11-30 09:45:00.000000', 7, '["http://localhost:8080/upload/9f07b489-0a2a-46a7-a9b1-3231236858bd.jpg", "http://localhost:8080/upload/6226a030-cbf3-43ad-a248-82434b734164.jpg", "http://localhost:8080/upload/d34bc4c7-87ea-4a7d-a173-05474654dbf4.jpg", "http://localhost:8080/upload/ecdf1508-7a34-43d1-a601-9ea6507d3320.jpg"]', '입양한 고양이가 잘 지내고 있어요!', '2024-11-30 09:45:00.000000', 687, '368de3a0-e332-4cbd-ac9f-eb8f39c7a97e'),
	('79a1dbad-774a-4c12-af2f-dfa514da37cc', 'NULL', b'0', 'BUYANDSELL', '사이즈 L인 강아지 옷을 판매합니다. 한 번도 입히지 않았고, 상태는 매우 새 것입니다. 강아지에게 딱 맞는 예쁜 디자인으로, 겨울에 따뜻하게 입힐 수 있습니다. 가격은 15,000원입니다. 관심 있으신 분은 연락 주세요!', '2024-12-04 17:30:00.000000', 59, '["http://localhost:8080/upload/e9bc7252-1380-414d-ad89-5e301ce8336e.jpg"]', '사이즈 L 강아지 옷 판매합니다.', '2024-12-04 17:30:00.000000', 150, '4b319be7-a20d-464f-9ad0-6bc5d401d48c'),
	('83974a1c-7581-4cef-9481-0d5f02fa8a8f', 'NULL', b'0', 'ADOPTREVIEW', '입양한 고양이가 집에 와서 첫날부터 너무 귀엽고 친절하게 다가왔어요. 이제는 가족처럼 함께 살고 있답니다. 입양을 망설이지 마세요!', '2024-12-03 21:00:00.000000', 27, '["http://localhost:8080/upload/94e29692-5efe-46eb-aa83-2eab5937d54c.jpg", "http://localhost:8080/upload/3983612d-bac8-499e-9480-b2fdaad657cc.jpg", "http://localhost:8080/upload/50096309-fe14-4d42-9716-631eaf56e6da.jpg", "http://localhost:8080/upload/f11fe92a-8a0c-4dfa-a99b-e79175d226bc.jpg"]', '입양한 고양이가 너무 사랑스러워요!', '2024-12-03 21:00:00.000000', 320, '8fb98fb6-6b3c-4a00-92f8-68a0f53bf0ae'),
	('8a3a14b2-ab57-4974-9175-1144d1e67e41', 'NULL', b'0', 'ADOPTREVIEW', '입양한 고양이 \'소나무\'는 처음에는 너무 소심했지만, 이제는 우리 집에서 가장 활발하고 애교 많은 고양이가 되었어요! 너무 사랑스럽습니다.', '2024-12-03 22:45:00.000000', 32, '["http://localhost:8080/upload/971300aa-47d3-4970-93f2-bcb3150e3788.jpg", "http://localhost:8080/upload/a4ed3156-c70e-479b-bf93-5226654a4d2c.jpg", "http://localhost:8080/upload/b5e39717-5e6e-4b92-852d-491528841bc8.jpg", "http://localhost:8080/upload/c936fd63-6ce0-4817-9e1d-f63ac47a0210.jpg"]', '입양한 고양이 \'소나무\'의 변화', '2024-12-03 22:45:00.000000', 190, '8e968eff-bb85-4cf0-a2c1-cb11bd0733fd'),
	('934a885b-0088-44b9-b1eb-611c8079ae44', 'NULL', b'0', 'BUYANDSELL', '강아지 사료 3종 세트를 판매합니다. 건식 5kg, 습식 12캔, 특수식 3kg 모두 2023년 제조된 제품으로 상태 매우 양호합니다. 세 가지 모두 함께 판매하며, 가격은 40,000원입니다. 관심 있는 분은 연락 주세요.', '2024-12-03 16:30:00.000000', 14, '["http://localhost:8080/upload/7b296ba8-a8fe-444d-83af-d3b44881016f.jpg"]', '강아지 사료 3종 세트 판매합니다 (건식, 습식 포함)', '2024-12-03 16:30:00.000000', 298, '8fcc64bc-6018-4f24-9dce-ae7160bf106b'),
	('94191526-525e-4f59-afa9-1c940d7c601e', 'NULL', b'0', 'REPORT', '오늘 오후 인천 남동구의 한 주차장에서 차량 안에 장시간 방치된 대형견을 발견했습니다. 외부 기온이 높은 상황에서 물과 그늘 없이 방치되어 있어 동물학대의 심각한 정황을 확인했습니다. 즉각적인 구조와 주인 조사가 필요해 보입니다.', '2024-12-03 16:00:00.000000', 13, '["http://localhost:8080/upload/c588b702-aa56-4f1c-a961-4eff3fcd0f4d.jpg"]', '동물 방치 정황 신고 - 차량 안 유기견 발견', '2024-12-03 16:00:00.000000', 124, '8fb98fb6-6b3c-4a00-92f8-68a0f53bf0ae'),
	('95007f19-3e4b-4bf1-9dfa-12151aff3311', 'NULL', b'0', 'REPORT', '부산 해운대 지역의 한 아파트 단지에서 지속적인 길고양이 학대 정황을 발견했습니다. 최근 3주간 여러 마리의 길고양이가 의심스러운 상황으로 사라졌으며, 명백한 인위적 학대 흔적을 확인했습니다. 해당 지역 경찰과 동물보호단체의 신속한 조사를 요청드립니다.', '2024-12-02 13:30:00.000000', 8, '["http://localhost:8080/upload/0ce126af-9cee-4e11-83f1-7fb558545041.jpg"]', '길고양이 집단 학대 정황 신고합니다', '2024-12-02 13:30:00.000000', 278, '67e2314d-528d-46ba-bcb8-fb9401c92793'),
	('959c7d92-8a71-4149-ab4d-7f14812a27ac', 'NULL', b'0', 'REPORT', '우리 동네에 길고양이가 많습니다. 많은 고양이들이 지나치게 밀집되어 있고, 건강 상태도 좋지 않으며, 주변 환경도 비위생적입니다. 이를 신고하고 싶습니다.', '2024-12-04 15:00:00.000000', 55, '["http://localhost:8080/upload/b2dc6c57-afc8-475e-b4ec-4fa87aab0611.jpg"]', '길고양이 밀집지역 발견', '2024-12-04 15:00:00.000000', 170, '7a92ae42-876c-4297-9b5c-95c6e7de2eda'),
	('9ab6d728-b674-4640-bb88-43090383563d', 'NULL', b'0', 'ANNOUNCEMENT', '유기견 보호소에서는 기부 물품을 받습니다. 유기견들의 생활에 필요한 다양한 물품들에 대한 기부를 부탁드립니다. 필요한 품목은 보호소 공지사항을 통해 확인할 수 있습니다.', '2024-12-05 00:00:00.000000', 75, '[]', '유기견 보호소 기부 물품 안내', '2024-12-05 00:00:00.000000', 160, 'dcb02621-65da-489b-98f7-0cbe85386d92'),
	('9d39ba93-78c2-40fc-94db-ff436bfa56a2', 'NULL', b'0', 'REPORT', '길거리에 버려진 동물이 학대당하는 모습을 목격했습니다. 동물에게 상처를 입히고 있던 사람을 목격했으니, 조속히 처리가 필요합니다.', '2024-12-04 08:30:00.000000', 45, '["http://localhost:8080/upload/430c24a9-ca6f-4090-a0a8-7ec84b667718.jpg"]', '동물 학대 사건 신고', '2024-12-04 08:30:00.000000', 230, '99571590-bf45-4ad0-ac32-de1c7cb1b1ff'),
	('9dc6f215-28e7-4212-9a76-5f1fa6f9ad2d', 'NULL', b'0', 'ADOPTREVIEW', '\'페페\'를 입양하고 나서 매일매일이 행복해요. 처음엔 많이 겁을 먹었지만, 이제는 내 품에서 자고, 옆에서 같이 시간을 보내요. 정말 소중한 가족이 되었어요.', '2024-12-04 05:30:00.000000', 42, '["http://localhost:8080/upload/efc54a1b-cfbc-4bc2-a1fe-19f686d102f5.jpg", "http://localhost:8080/upload/5a5e1b78-88c2-4165-85d4-24f1e8587265.jpg", "http://localhost:8080/upload/60bc24e4-1bbe-432a-8d19-853d03baa073.jpg"]', '입양한 고양이 \'페페\'의 사랑스러운 모습', '2024-12-04 05:30:00.000000', 230, '368de3a0-e332-4cbd-ac9f-eb8f39c7a97e'),
	('9e5ba380-4089-48e7-937b-ac975a7b29dc', 'NULL', b'0', 'ADOPTREVIEW', '2024년 11월 30일에 입양한 아기 고양이가 이제 첫날을 보내고 있습니다. 처음엔 매우 수줍어했지만, 이제 조금씩 우리 집에 적응하고 있어요. 너무 사랑스러워요!', '2024-12-02 17:20:00.000000', 12, '["http://localhost:8080/upload/664e53be-f114-4ffc-b88d-49288530cb9a.jpg",  "http://localhost:8080/upload/289321e6-9b41-4010-8970-666ccf949268.jpg", "http://localhost:8080/upload/887902b5-b368-4752-b78e-9a4ae1c0bcc6.jpg"]', '입양한 아기 고양이 첫 날 후기', '2024-12-02 17:20:00.000000', 312, '7da7183d-1726-458a-a620-93590251ca85'),
	('a07632a9-4622-4805-a156-85530b7be6f7', 'NULL', b'0', 'ADOPTREVIEW', '\'밤비\'는 1살 된 고양이로, 입양 후 2주가 지나면서 점점 더 친근해졌습니다. 처음에는 사람을 많이 경계했지만, 지금은 우리 집에서 가장 사랑받는 고양이가 되었어요. 밤비는 아주 차분하고, 조금 서툴지만 매일 나에게 사랑스러운 눈빛을 보내는 것이 너무 귀엽습니다.', '2024-12-04 16:30:00.000000', 57, '["http://localhost:8080/upload/14c223fe-d9e6-444f-b963-e22a3f1a986c.jpg", "http://localhost:8080/upload/1351058b-8aad-4d2a-8283-36cc31fc6178.jpg", "http://localhost:8080/upload/a3e3cddb-793f-4469-a25b-21c4b23746cb.jpg", "http://localhost:8080/upload/c0d59609-d807-4156-9f9a-8505514d9b65.jpg"]', '입양 후 고양이 \'밤비\'와 행복한 시간', '2024-12-04 16:30:00.000000', 170, '9d6fa4b8-7a0a-4abc-bfe4-6a2929a896e0'),
	('a5a826d1-a91e-41aa-b719-a1e67893e393', 'NULL', b'0', 'FINDCHILD', '\'토토\'는 12월 3일 오후 5시경 실종되었습니다. 검은색과 흰색이 섞인 고양이로, 목에 파란색 목걸이를 착용하고 있습니다. 혹시라도 보셨거나 아시는 분은 연락 부탁드립니다.', '2024-12-04 11:30:00.000000', 50, '["http://localhost:8080/upload/05ae883e-06c1-4dfd-bb12-9682d1697eea.jpg"]', '실종된 고양이 \'토토\'를 찾습니다', '2024-12-04 11:30:00.000000', 150, '54a8cbc2-b17e-419a-b22f-8cf7bb795c29'),
	('a742c09a-7cd5-47b2-9c27-b0ad3b53e48a', 'NULL', b'0', 'ANNOUNCEMENT', '입양을 원하시는 분들은 입양 신청서를 제출해 주세요. 신청서는 보호소에 방문하시거나 온라인으로 제출하실 수 있습니다. 신청서 제출 후 상담을 통해 입양 여부가 결정됩니다.', '2024-12-04 18:00:00.000000', 69, '[]', '유기견 입양 신청서 제출 안내', '2024-12-04 18:00:00.000000', 170, 'dcb02621-65da-489b-98f7-0cbe85386d92'),
	('b2b5adda-7135-4116-91a1-4968f69cfc87', 'NULL', b'0', 'BUYANDSELL', '고양이 사료 세트 판매합니다. 고급 브랜드로 포장된 5kg짜리 사료와 캔 10개가 포함되어 있습니다. 고양이를 키우시는 분들께 적합합니다.', '2024-12-04 03:00:00.000000', 38, '["http://localhost:8080/upload/f688250f-77ca-4ded-aa26-0dd92afac883.jpg"]', '고양이 사료 팝니다! 고급사료 세트', '2024-12-04 03:00:00.000000', 170, '4651812a-ecf6-4422-b6a4-775620724175'),
	('b3cf0c8d-18ea-4375-a7f4-dab1f028e604', 'NULL', b'0', 'ANNOUNCEMENT', '저희 보호소에서 입양한 유기견들의 후기를 모집합니다. 입양하신 분들의 따뜻한 이야기를 공유해 주세요. 후기를 작성해 주신 분들께는 소정의 선물이 제공됩니다.', '2024-12-04 14:00:00.000000', 65, '[]', '유기견 입양 후기 모집', '2024-12-04 14:00:00.000000', 100, 'dcb02621-65da-489b-98f7-0cbe85386d92'),
	('b4189de4-8e1b-483a-97f1-4d0cdbe7b934', 'NULL', b'0', 'ADOPTREVIEW', '입양한 강아지가 이제 집에서 너무 행복해 보입니다. 처음에는 조금 낯설어했지만, 이제는 식사 시간마다 꼬리를 흔들며 기다리고 있어요. 입양을 망설이지 마세요!', '2024-12-03 19:00:00.000000', 21, '["http://localhost:8080/upload/1f4c9467-d263-4617-8b33-f684f3ada3f8.jpg", "http://localhost:8080/upload/02dcb50a-9515-4cb8-a753-7e05bd2a27d6.jpg", "http://localhost:8080/upload/100ab62c-5e65-4a53-9bf6-ca9f21128859.jpg", "http://localhost:8080/upload/a80871ad-f17b-4137-b775-8c45e9d77a13.jpg"]', '입양한 강아지가 가족이 되기까지', '2024-12-03 19:00:00.000000', 340, '9d6fa4b8-7a0a-4abc-bfe4-6a2929a896e0'),
	('bb9dbe5b-c97b-428b-a440-f8065888c0f9', 'NULL', b'0', 'BUYANDSELL', '강아지 용품 세트를 판매합니다. 하네스, 배변패드, 사료통 등을 포함한 세트로 사용하지 않는 물품들입니다. 상태는 매우 좋습니다.', '2024-12-04 03:30:00.000000', 39, '["http://localhost:8080/upload/54bc5fc6-5241-4ba4-ace6-59378119b34d.jpg"]', '강아지 용품 세트 판매! 하네스, 배변패드, 사료통', '2024-12-04 03:30:00.000000', 230, '9d6fa4b8-7a0a-4abc-bfe4-6a2929a896e0'),
	('bc9a9f02-c665-4a83-9b5f-cbcdbb50b578', 'NULL', b'0', 'ANNOUNCEMENT', '이번 주 자원봉사 활동 일정은 다음과 같습니다. 12월 5일부터 12월 7일까지 봉사 활동이 예정되어 있으니 많은 참여 부탁드립니다. 봉사에 참여해 주신 분들은 식사 제공이 있습니다.', '2024-12-04 17:00:00.000000', 68, '[]', '유기견 보호소 자원봉사 활동 일정', '2024-12-04 17:00:00.000000', 160, 'dcb02621-65da-489b-98f7-0cbe85386d92'),
	('c283ae36-5c13-4119-9529-cb6b52c99d47', 'NULL', b'0', 'ANNOUNCEMENT', '매달 진행되는 유기견 보호소 후원 캠페인에 참여해 주세요. 정기 후원자가 되어 유기견들에게 지속적인 지원을 부탁드립니다. 후원에 관한 자세한 사항은 홈페이지에서 확인할 수 있습니다.', '2024-12-04 22:00:00.000000', 73, '[]', '유기견 보호소 정기 후원 캠페인 안내', '2024-12-04 22:00:00.000000', 140, 'dcb02621-65da-489b-98f7-0cbe85386d92'),
	('c4304cc1-3857-45d2-b2bc-1cf4cd1f35ee', 'NULL', b'0', 'REPORT', '서울 강동구에서 불법 주정차된 차량을 목격했습니다. 교차로 근처에 불법으로 주차된 차량이 있어 교통에 방해가 되고 있습니다. 조속히 처리 부탁드립니다.', '2024-12-03 16:45:00.000000', 18, '["http://localhost:8080/upload/057fd493-f94e-45a2-a28f-7b8e4f8219b7.jpg"]', '불법 주정차 차량 신고합니다', '2024-12-03 16:45:00.000000', 128, '85b95a95-fe4f-4465-98c7-d7ed00653668'),
	('c4b9ad22-298e-49ed-80be-1102b7ceee9a', 'NULL', b'0', 'FINDCHILD', '\'코코\'는 지난 12월 1일 아침 10시경 우리 동네에서 사라졌습니다. 황갈색 푸들로, 작은 크기입니다. 목줄을 착용하고 있었으며, 매우 사람을 좋아하는 성격을 가지고 있습니다. 발견하시면 연락주세요.', '2024-12-04 11:00:00.000000', 49, '["http://localhost:8080/upload/8665397c-71e7-4b53-aaa5-794765158f7e.jpg"]\n[]', '실종된 강아지 \'코코\'를 찾습니다', '2024-12-04 11:00:00.000000', 180, '8fcc64bc-6018-4f24-9dce-ae7160bf106b'),
	('d1482336-c927-4ebe-8e10-f821513b9d02', '관련없는 광고글 삭제', b'1', 'BUYANDSELL', '2023년 모델인 삼성 갤럭시 S23 울트라 256GB 모델을 판매합니다. 상태는 아주 좋으며, 화면 보호 필름과 케이스도 함께 드립니다. 가격은 90만원입니다.', '2024-12-03 18:00:00.000000', 16, '[]', '삼성 갤럭시 S23 울트라 판매합니다', '2024-12-03 18:00:00.000000', 200, '506bedb9-fa45-4700-8372-bee147a12ec2'),
	('d2ea71be-262f-4155-a7c9-310e6e22cace', 'NULL', b'0', 'ADOPTREVIEW', '\'레오\'는 3개월 된 강아지로, 입양 후 첫 번째 주를 보냈습니다. 아주 사랑스러운 성격을 가지고 있고, 사람을 매우 좋아하는 아이라 집에서도 잘 적응하고 있습니다. 처음에는 낯을 가리긴 했지만, 점점 친해지고 있어요. 가족들이 모두 \'레오\'에게 푹 빠졌답니다.', '2024-12-04 16:00:00.000000', 56, '["http://localhost:8080/upload/4b595e72-b2ff-4191-9717-053e025449d1.jpg", "http://localhost:8080/upload/6d8c8a80-9d3e-4fc5-ac8b-4fbcb60a167c.jpg", "http://localhost:8080/upload/676c5edc-ea6a-437e-8991-0373869302bf.jpg", "http://localhost:8080/upload/b6bac67f-77dc-4c10-bfd3-4e5231e80a7f.jpg"]', '입양한 강아지 \'레오\'와의 첫 번째 만남', '2024-12-04 16:00:00.000000', 230, '06a99a75-7bed-4943-9b7b-9ef9a1377bf3'),
	('d4e54c6f-46ac-463d-9717-931dd1a9702f', 'NULL', b'0', 'REPORT', '지난주, 일부 상점에서 밀매가 의심되는 애완동물 거래를 확인했습니다. 일부 품종의 고양이나 개가 과도한 가격에 거래되고 있었으니, 조사해주시기 바랍니다.', '2024-12-04 09:00:00.000000', 46, '["http://localhost:8080/upload/59575dc2-603a-4bcb-b932-29cb8c364503.jpg"]', '애완동물 밀매 의심 신고', '2024-12-04 09:00:00.000000', 170, '06a99a75-7bed-4943-9b7b-9ef9a1377bf3'),
	('d7e5a914-5db0-4385-b0ba-8e4d7325cd44', 'NULL', b'0', 'ANNOUNCEMENT', '저희 유기견 보호소에서는 자원봉사자를 모집합니다. 봉사에 관심이 있으신 분들은 신청서를 작성하여 주시기 바랍니다. 봉사활동은 주말에 진행되며, 많은 관심과 참여 부탁드립니다.', '2024-12-04 10:00:00.000000', 61, '[]', '유기견 보호소 자원봉사자 모집 안내', '2024-12-04 10:00:00.000000', 180, 'dcb02621-65da-489b-98f7-0cbe85386d92'),
	('d8dd07a1-bb8d-49d6-9cd7-6fdf7975a434', 'NULL', b'0', 'FINDCHILD', '경기도 고양시에서 작은 검은색 강아지 \'리틀\'이 실종되었습니다. 목걸이를 착용하고 있었으며, 사람을 매우 좋아하는 성격입니다. 보신 분은 꼭 연락 부탁드립니다.', '2024-12-04 02:00:00.000000', 37, '["http://localhost:8080/upload/d087a99e-647c-4c39-8136-b0e21ba5d0a1.jpg"]', '경기도 고양시에서 실종된 강아지 \'리틀\' 찾습니다', '2024-12-04 02:00:00.000000', 170, 'f56bff85-d3e5-4c05-9b73-d9441950467a'),
	('dcd96622-07de-4568-aad5-37472adefca5', 'NULL', b'0', 'FINDCHILD', '인천 부평구에서 작은 하얀색 푸들 강아지 \'루비\'가 실종되었습니다. 빨간색 리본이 달린 목걸이를 하고 있습니다. 혹시 목격하신 분은 연락 부탁드립니다.', '2024-12-03 23:00:00.000000', 31, '["http://localhost:8080/upload/8ba08a9c-a608-41c9-9a74-d86c66c8b206.jpg"]', '인천 부평구에서 실종된 강아지 \'루비\' 찾습니다', '2024-12-03 23:00:00.000000', 180, '4b319be7-a20d-464f-9ad0-6bc5d401d48c'),
	('e4bb1a12-e8cb-4e7a-b2fc-baa3fd25d855', 'NULL', b'0', 'ANNOUNCEMENT', '유기견 입양 프로그램이 시작되었습니다. 새로운 가족을 찾고 있는 유기견들을 소개해 드립니다. 입양을 원하는 분들은 보호소를 방문하여 상담을 받으세요. 입양 절차와 자세한 사항은 홈페이지를 참고해 주세요.', '2024-12-04 11:00:00.000000', 62, '[]', '유기견 입양 프로그램 안내', '2024-12-04 11:00:00.000000', 200, 'dcb02621-65da-489b-98f7-0cbe85386d92'),
	('e900b934-f8f3-46ef-b85b-65c5811c0824', 'NULL', b'0', 'REPORT', '인터넷에서 불법으로 애완동물을 판매하는 사이트를 발견했습니다. 해당 사이트에서는 동물을 비위생적인 환경에서 판매하고 있으며, 즉시 조사가 필요합니다.', '2024-12-04 14:30:00.000000', 54, '["http://localhost:8080/upload/ee7e4340-a694-477d-b470-2b8fe12338a8.jpg"]', '불법 애완동물 판매 신고', '2024-12-04 14:30:00.000000', 200, '348d99fe-8c08-436a-8597-31c64598a2f0'),
	('eefe52fe-5527-4fac-b513-c3748e139f79', 'NULL', b'0', 'REPORT', '아파트 단지 내에서 동물을 학대하는 사람을 목격했습니다. 강아지가 계속해서 폭력을 당하고 있으며, 빠른 조치가 필요합니다.', '2024-12-04 14:00:00.000000', 53, '["http://localhost:8080/upload/c9898e28-d5d1-409e-8bde-d880918e1f95.jpg"]', '동물학대 신고', '2024-12-04 14:00:00.000000', 180, '4651812a-ecf6-4422-b6a4-775620724175'),
	('efae056d-e218-42e8-8c8f-dbd8eeda8cd1', 'NULL', b'0', 'BUYANDSELL', '강아지 자동 급식기 5L 모델을 판매합니다. 상태 매우 양호하고, 버튼 하나로 간편하게 급식을 설정할 수 있습니다. 자동으로 일정량의 사료를 급여하며, 강아지에게 유용합니다. 가격은 30,000원입니다.', '2024-12-03 21:15:00.000000', 28, '["http://localhost:8080/upload/d683b454-65fd-4539-b5be-4f19d08ee4ea.jpg"]', '강아지 자동 급식기 5L 판매합니다', '2024-12-03 21:15:00.000000', 400, '7a92ae42-876c-4297-9b5c-95c6e7de2eda'),
	('f074d100-f5be-499d-855f-e3c00102845b', 'NULL', b'0', 'FINDCHILD', '서울 강남구에서 갈색의 포메라니안 강아지 \'초코\'가 실종되었습니다. 빨간색 리본이 달린 목걸이를 하고 있으며, 혹시 보신 분은 연락 부탁드립니다.', '2024-12-04 00:00:00.000000', 33, '["http://localhost:8080/upload/a6572bb4-e924-42d2-a70f-887df4227752.jpg"]', '서울 강남구에서 실종된 강아지 \'초코\' 찾습니다', '2024-12-04 00:00:00.000000', 220, 'c6cbaf96-dc11-467e-939a-6cf69b165f7a'),
	('f558b921-771b-4e96-a8ef-fe1e045376eb', 'NULL', b'0', 'REPORT', '지난 주말, 불법적인 개 사육장을 발견했습니다. 많은 개들이 비좁고 불결한 공간에 갇혀 있으며, 건강 상태가 매우 나쁩니다. 즉시 조치가 필요합니다.', '2024-12-04 13:00:00.000000', 51, '["http://localhost:8080/upload/c976e6e8-eb84-4176-8699-21b3c70efdb7.jpg"]', '불법 개 사육장 신고', '2024-12-04 13:00:00.000000', 250, '368de3a0-e332-4cbd-ac9f-eb8f39c7a97e'),
	('f7357f79-0623-4f0b-98ad-6159a49f5e8e', 'NULL', b'0', 'ANNOUNCEMENT', '입양 전 유기견들을 위한 임시 보호자가 필요합니다. 유기견을 사랑으로 돌봐주실 임시 보호자분들을 모집합니다. 자세한 사항은 공지사항을 참고해 주세요.', '2024-12-04 16:00:00.000000', 67, '[]', '유기견 보호소 임시 보호자 모집', '2024-12-04 16:00:00.000000', 140, 'dcb02621-65da-489b-98f7-0cbe85386d92'),
	('fb752171-f8a2-443e-8d77-965e094c2d62', 'NULL', b'0', 'ADOPTREVIEW', '\'미미\'를 입양한 후 매일매일이 행복한 일상이네요. 미미는 매우 활발하고, 새로운 가족들에게 사랑을 많이 줍니다. 정말 소중한 존재가 되었어요.', '2024-12-04 01:30:00.000000', 36, '["http://localhost:8080/upload/5a3ffef6-19e2-460f-b920-f2e4e1ff5381.jpg", "http://localhost:8080/upload/6dc4f83e-7c61-410c-bb02-738690ddd039.jpg", "http://localhost:8080/upload/280f3281-d65d-4826-b978-8566b283d52e.jpg", "http://localhost:8080/upload/d244dbf4-9f23-43c4-8fb2-4d22cf80bfe3.jpg"]', '입양한 강아지 \'미미\'의 행복한 일상', '2024-12-04 01:30:00.000000', 200, '15697d14-7a19-46a4-accb-7c494599ea00'),
	('fc88ef1a-21f2-40bf-ac23-15bb3fe16319', 'NULL', b'0', 'FINDCHILD', '인천 부평구에서 2024년 12월 1일, 강아지가 실종되었습니다. 작은 흰색 강아지로, 목걸이에 전화번호가 적혀 있습니다. 혹시 목격한 분은 연락주세요.', '2024-12-03 09:15:00.000000', 5, '["http://localhost:8080/upload/9cb2b2be-103b-4b7d-a689-54d4c638e62f.jpg"]', '인천 부평구에서 실종된 강아지 찾습니다', '2024-12-03 09:15:00.000000', 121, '4b319be7-a20d-464f-9ad0-6bc5d401d48c');

-- 테이블 데이터 kkomoadopt.user:~50 rows (대략적) 내보내기
INSERT IGNORE INTO `user` (`user_id`, `authority`, `blacklists`, `email`, `is_blacklisted`, `name`, `nickname`, `password`, `phone_number`, `profile_text`, `provider`, `scraps`, `social_id`, `user_create`, `user_img_url`, `user_last_login`) VALUES
	('04ae200b-cc98-4563-8992-ef4474fe61f1', 'USER', '[{"blackedDate":[2024,11,10,9,30],"blackReason":"Abusive behavior"}]', 'john.doe982@gmail.com', b'1', '김진우', 'john982', 'john9823', '010-2359-6821', '김진우입니다. 기술과 창의적인 문제 해결을 좋아하며, 다양한 분야에 관심을 가지고 있습니다.', 'NORMAL', '["2024-01001", "2024-01002", "2024-01003", "2024-01004"]', 'NULL', '2024-08-15 10:15:00.000000', 'http://localhost:8080/upload/5123e3f8-12c3-42d3-9fad-5cbc808e0793.jpg', '2024-11-20 08:45:00.000000'),
	('06a99a75-7bed-4943-9b7b-9ef9a1377bf3', 'USER', '[]', 'sophia.moon876@gmail.com', b'0', '이채은', 'sophia876', 'sophia8765', '010-6789-0123', '이채은입니다. 다양한 분야에 관심이 많고, 특히 인간관계와 협력에서 많은 배움을 얻고 있습니다.', 'NORMAL', '["2024-01005", "2024-01006", "2024-01007", "2024-01008", "2024-01009", "2024-01010"]', 'NULL', '2024-09-28 12:50:00.000000', 'http://localhost:8080/upload/5123e3f8-12c3-42d3-9fad-5cbc808e0793.jpg', '2024-12-02 18:00:00.000000'),
	('08ff8005-3bae-453c-b2f9-d6fa24b57901', 'USER', '[]', 'janedoe1234@gmail.com', b'0', '이수진', 'sujin94', 'password4567', '010-3456-7890', '안녕하세요, 이수진입니다. 세상에 긍정적인 영향을 미치고 싶습니다. 항상 배우고 성장하려는 자세를 유지하려고 합니다.', 'NORMAL', '["2024-01011", "2024-01012"]', 'NULL', '2024-11-25 10:00:00.000000', 'http://localhost:8080/upload/5123e3f8-12c3-42d3-9fad-5cbc808e0793.jpg', '2024-12-02 17:10:00.000000'),
	('0e3c7182-48fa-4d66-9f81-b5570b75424b', 'USER', '[]', 'henry.kim842@gmail.com', b'0', '강지원', 'henry842', 'henry8421', '010-8425-6953', '강지원입니다. 시스템 개발에 많은 관심을 가지고 있으며, 문제 해결을 위한 최적의 솔루션을 제시하는 것을 좋아합니다.', 'NORMAL', '["2024-01013", "2024-01014", "2024-01015"]', 'NULL', '2024-10-13 14:00:00.000000', 'http://localhost:8080/upload/5123e3f8-12c3-42d3-9fad-5cbc808e0793.jpg', '2024-12-02 17:10:00.000000'),
	('15697d14-7a19-46a4-accb-7c494599ea00', 'USER', '[]', 'emily.choi730@gmail.com', b'0', '이세연', 'emily730', 'emily7301', '010-3721-5849', '이세연입니다. 창의적 문제 해결을 위해 다양한 관점을 탐구하며, 협업을 즐깁니다.', 'NORMAL', '["2024-01016", "2024-01017", "2024-01018", "2024-01019", "2024-01020"]', 'NULL', '2024-09-07 14:10:00.000000', 'http://localhost:8080/upload/5123e3f8-12c3-42d3-9fad-5cbc808e0793.jpg', '2024-12-02 10:40:00.000000'),
	('17df9a6d-50ac-4978-8515-de4c2669b83a', 'USER', '[]', 'lily.kim301@gmail.com', b'0', '정수빈', 'lily301', 'lily3017', '010-6548-9075', '정수빈입니다. 디자인과 UI/UX에 대한 열정이 있으며, 창의적이고 혁신적인 디자인을 추구합니다.', 'NORMAL', '["2024-01021"]', 'NULL', '2024-09-29 10:15:00.000000', 'http://localhost:8080/upload/5123e3f8-12c3-42d3-9fad-5cbc808e0793.jpg', '2024-12-01 13:45:00.000000'),
	('1a8c7c68-0fe6-4f80-a1f7-db71a9470731', 'USER', '[]', 'emily.lee999@gmail.com', b'0', '황지민', 'emily999', 'emily9998', '010-2468-1357', '황지민입니다. 디자인과 기술의 융합에 관심이 있으며, 창의적인 문제 해결을 추구합니다.', 'NORMAL', '["2024-01022", "2024-13946", "2024-14936"]', 'NULL', '2024-09-30 16:20:00.000000', 'http://localhost:8080/upload/5123e3f8-12c3-42d3-9fad-5cbc808e0793.jpg', '2024-12-03 13:35:00.000000'),
	('1e35d35e-4f05-45b5-865e-c3bdb823d07b', 'USER', '[]', 'jake.lee502@gmail.com', b'0', '이재호', 'jake502', 'jake5023', '010-2956-4832', '이재호입니다. 기술적 문제 해결에 대한 도전을 즐기며, 항상 새로운 기술을 배우고 있습니다.', 'NORMAL', '["2024-14958", "2024-17052", "2024-18435"]', 'NULL', '2024-11-01 12:00:00.000000', 'http://localhost:8080/upload/5123e3f8-12c3-42d3-9fad-5cbc808e0793.jpg', '2024-12-02 16:30:00.000000'),
	('348d99fe-8c08-436a-8597-31c64598a2f0', 'USER', '[]', 'lucas.smith876@gmail.com', b'0', '김준호', 'lucas876', 'lucas8765', '010-3456-7890', '김준호입니다. 다양한 기술을 익히며, 더 나은 문제 해결 방법을 찾는 데 중점을 둡니다. 새로운 것을 배우는 것을 좋아합니다.', 'NORMAL', '["2024-19230", "2024-20358", "2024-25173", "2024-26743"]', 'NULL', '2024-09-25 11:00:00.000000', 'http://localhost:8080/upload/5123e3f8-12c3-42d3-9fad-5cbc808e0793.jpg', '2024-12-02 14:00:00.000000'),
	('365e8eed-7ccc-4541-be88-55acb3390521', 'USER', '[]', 'kylie.johnson567@gmail.com', b'0', '김다영', 'kylie567', 'kylie5678', '010-9876-5432', '김다영입니다. 다양한 분야에서 도전하는 것을 좋아하고, 새로운 기술을 배우는 것에 열정을 가지고 있습니다.', 'NORMAL', '["2024-28465", "2024-29185", "2024-30281", "2024-31245", "2024-36784"]', 'NULL', '2024-11-10 13:25:00.000000', 'http://localhost:8080/upload/5123e3f8-12c3-42d3-9fad-5cbc808e0793.jpg', '2024-12-02 11:10:00.000000'),
	('368de3a0-e332-4cbd-ac9f-eb8f39c7a97e', 'USER', '[]', 'steve.smith1980@gmail.com', b'0', '조준호', 'steve1980', 'steve1980pass', '010-5678-9012', '조준호입니다. 저는 창의적인 아이디어를 제시하는 것을 좋아합니다. 항상 새로운 것을 배우고 있습니다.', 'NORMAL', '["2024-37650", "2024-38729", "2024-39016"]', 'NULL', '2024-10-10 07:15:00.000000', 'http://localhost:8080/upload/5123e3f8-12c3-42d3-9fad-5cbc808e0793.jpg', '2024-12-01 13:40:00.000000'),
	('440db46c-3132-4c3a-90fa-a79975b26f3d', 'USER', '[]', 'lisa.choi760@gmail.com', b'0', '최지영', 'lisa760', 'lisa7601', '010-3762-8407', '최지영입니다. 디자인과 창의적 사고에 대한 열정을 가지고 있으며, 소프트웨어 개발에도 흥미가 많습니다.', 'NORMAL', '["2024-39461", "2024-39802", "2024-41307", "2024-45193"]', 'NULL', '2024-09-03 11:45:00.000000', 'http://localhost:8080/upload/5123e3f8-12c3-42d3-9fad-5cbc808e0793.jpg', '2024-12-02 17:00:00.000000'),
	('445cefdf-599e-4c98-8825-91da6bc2cc46', 'USER', '[]', 'olivia.jung543@gmail.com', b'0', '정현주', 'olivia543', 'olivia5432', '010-8361-5278', '정현주입니다. 신기술과 혁신적인 아이디어에 관심이 많으며, 문제 해결을 위한 창의적 접근을 즐깁니다.', 'NORMAL', '["2024-47895", "2024-50628", "2024-50671"]', 'NULL', '2024-10-19 10:20:00.000000', 'http://localhost:8080/upload/5123e3f8-12c3-42d3-9fad-5cbc808e0793.jpg', '2024-12-02 08:15:00.000000'),
	('4651812a-ecf6-4422-b6a4-775620724175', 'USER', '[]', 'julia.kim567@gmail.com', b'0', '박주현', 'julia567', 'julia5678', '010-1234-5678', '박주현입니다. 새로운 기술과 도전을 사랑하며, 항상 배움에 열정적입니다. 긍정적인 마인드를 가지고 있습니다.', 'NORMAL', '["2024-50721", "2024-50783", "2024-53284"]', 'NULL', '2024-11-16 08:40:00.000000', 'http://localhost:8080/upload/5123e3f8-12c3-42d3-9fad-5cbc808e0793.jpg', '2024-12-03 11:30:00.000000'),
	('471432b6-ff68-4f1d-a987-45b0c99ee32e', 'USER', '[]', 'alex.smith539@gmail.com', b'0', '김선희', 'alex539', 'alex5398', '010-2468-1357', '김선희입니다. 다양한 기술에 대한 깊은 관심을 가지고 있으며, 문제 해결을 위한 최적의 방법을 찾고 있습니다.', 'NORMAL', '["2024-53890", "2024-56392", "2024-56742"]', 'NULL', '2024-10-01 13:00:00.000000', 'http://localhost:8080/upload/5123e3f8-12c3-42d3-9fad-5cbc808e0793.jpg', '2024-12-01 15:40:00.000000'),
	('4b319be7-a20d-464f-9ad0-6bc5d401d48c', 'USER', '[]', 'lucas.park987@gmail.com', b'0', '김재훈', 'lucas987', 'lucas9876', '010-3598-2468', '김재훈입니다. 기술과 혁신적인 솔루션을 좋아하며, 새로운 도전에 열정을 가지고 있습니다.', 'NORMAL', '["2024-57640", "2024-58712", "2024-59874", "2024-60491"]', 'NULL', '2024-11-11 09:30:00.000000', 'http://localhost:8080/upload/5123e3f8-12c3-42d3-9fad-5cbc808e0793.jpg', '2024-12-03 11:20:00.000000'),
	('506bedb9-fa45-4700-8372-bee147a12ec2', 'USER', '[]', 'jackson.brown123@gmail.com', b'0', '홍길동', 'jackson123', 'jackson1234', '010-1234-5678', '홍길동입니다. 언제나 긍정적이고 열정적인 삶을 살고 싶습니다. 사람들과 소통하고 협력하는 것을 즐깁니다.', 'NORMAL', '["2024-61230", "2024-62458", "2024-64839", "2024-67481", "2024-67504"]', 'NULL', '2024-11-18 10:25:00.000000', 'http://localhost:8080/upload/5123e3f8-12c3-42d3-9fad-5cbc808e0793.jpg', '2024-12-01 12:05:00.000000'),
	('54a8cbc2-b17e-419a-b22f-8cf7bb795c29', 'USER', '[]', 'susan.white456@gmail.com', b'0', '한정우', 'susie456', 'susie4567', '010-5678-9012', '한정우입니다. 새로운 아이디어를 창출하고, 기술적인 문제를 해결하는 것을 좋아합니다. 도전적인 프로젝트에 참여하는 것을 즐깁니다.', 'NORMAL', '["2024-68019", "2024-68490", "2024-72061"]', 'NULL', '2024-10-12 14:15:00.000000', 'http://localhost:8080/upload/5123e3f8-12c3-42d3-9fad-5cbc808e0793.jpg', '2024-12-02 17:00:00.000000'),
	('5637f70b-a2da-4281-80af-4c65341f38a3', 'USER', '[{"blackedDate":[2024,11,10,9,30],"blackReason":"Abusive behavior"}]', 'sarah.kim273@gmail.com', b'1', '김수영', 'sarah273', 'sarah2730', '010-6742-5189', '김수영입니다. 사람들과의 소통을 좋아하며, 다양한 취미와 활동을 즐깁니다.', 'NORMAL', '["2024-73258", "2024-74103", "2024-75196", "2024-75916"]', 'NULL', '2024-09-22 11:30:00.000000', 'http://localhost:8080/upload/5123e3f8-12c3-42d3-9fad-5cbc808e0793.jpg', '2024-11-18 13:40:00.000000'),
	('57789093-b022-4859-bbea-b91aa55ab5df', 'USER', '[]', 'noah.kang673@gmail.com', b'0', '강윤희', 'noah673', 'noah6735', '010-3749-7625', '강윤희입니다. 웹 애플리케이션 개발과 보안 분야에 깊은 관심을 가지고 있습니다.', 'NORMAL', '["2024-76302", "2024-81957", "2024-82346"]', 'NULL', '2024-08-12 11:50:00.000000', 'http://localhost:8080/upload/5123e3f8-12c3-42d3-9fad-5cbc808e0793.jpg', '2024-12-03 14:00:00.000000'),
	('5adbccb7-1587-4650-b6b9-776fb0b09ed8', 'USER', '[]', 'michael.lee334@gmail.com', b'0', '이건우', 'michael334', 'michael3345', '010-7654-3210', '이건우입니다. 컴퓨터 공학을 전공하며, 새로운 기술을 배우는 것에 열정적입니다.', 'NORMAL', '["2024-84327", "2024-84372", "2024-84502", "2024-89742", "2024-90517"]', 'NULL', '2024-11-12 11:30:00.000000', 'http://localhost:8080/upload/5123e3f8-12c3-42d3-9fad-5cbc808e0793.jpg', '2024-12-03 08:45:00.000000'),
	('5bd48115-9536-4151-865c-057d073b2dc2', 'USER', '[]', 'emily.johnson321@gmail.com', b'0', '정예린', 'emily321', 'emily3214', '010-3456-7890', '정예린입니다. 책과 영화, 음악을 사랑하며 다양한 사람들과 소통하는 것을 좋아합니다.', 'NORMAL', '["2024-90562", "2024-92184", "2024-92471"]', 'NULL', '2024-10-25 09:45:00.000000', 'http://localhost:8080/upload/5123e3f8-12c3-42d3-9fad-5cbc808e0793.jpg', '2024-12-03 10:20:00.000000'),
	('64fb3d86-2207-4768-a4d5-da7df314a447', 'USER', '[]', 'jason.lee547@gmail.com', b'0', '박지민', 'jason547', 'jason5473', '010-4725-6389', '박지민입니다. 웹 개발에 관심이 많고, 다양한 프로젝트에서 협업하며 기술을 배우고 있습니다.', 'NORMAL', '["2024-93204", "2024-94872", "2024-01001"]', 'NULL', '2024-11-18 08:45:00.000000', 'http://localhost:8080/upload/5123e3f8-12c3-42d3-9fad-5cbc808e0793.jpg', '2024-12-03 12:20:00.000000'),
	('66d45bc1-02cb-4dfd-8a30-f830f5174c88', 'USER', '[]', 'chris.kim678@gmail.com', b'0', '김승우', 'chris678', 'chris6780', '010-4823-1587', '김승우입니다. 클라우드 컴퓨팅과 사이버 보안에 대한 깊은 관심을 가지고 있으며, 최신 기술을 배우는 것을 즐깁니다.', 'NORMAL', '["2024-01002", "2024-01003", "2024-01004", "2024-01005"]', 'NULL', '2024-10-12 13:20:00.000000', 'http://localhost:8080/upload/5123e3f8-12c3-42d3-9fad-5cbc808e0793.jpg', '2024-12-03 15:10:00.000000'),
	('67e2314d-528d-46ba-bcb8-fb9401c92793', 'USER', '[]', 'lily.green789@gmail.com', b'0', '김태희', 'lily789', 'lily78901', '010-6789-0123', '김태희입니다. 저에게는 창의력과 문제 해결 능력이 중요한 가치입니다. 언제나 최선을 다해 새로운 것을 배우고 성장하는 데 집중합니다.', 'NORMAL', '["2024-01006", "2024-01007", "2024-01008"]', 'NULL', '2024-11-03 11:30:00.000000', 'http://localhost:8080/upload/5123e3f8-12c3-42d3-9fad-5cbc808e0793.jpg', '2024-12-03 14:50:00.000000'),
	('6a9b3ba0-acf9-4a77-84b4-60a0abbc8e8e', 'USER', '[{"blackedDate":[2024,11,10,9,30],"blackReason":"Abusive behavior"}]', 'alex.park871@gmail.com', b'1', '박철수', 'alex871', 'alex8712', '010-3857-2391', '박철수입니다. AI와 머신러닝을 전공하고 있으며, 기술 발전에 대한 깊은 관심을 가지고 있습니다.', 'NORMAL', '["2024-01009", "2024-01010", "2024-01011", "2024-01012"]', 'NULL', '2024-08-22 13:45:00.000000', 'http://localhost:8080/upload/5123e3f8-12c3-42d3-9fad-5cbc808e0793.jpg', '2024-11-15 15:25:00.000000'),
	('70f1b497-e902-44c1-b569-08bf29c0aad6', 'USER', '[{"blackedDate":[2024,11,10,9,30],"blackReason":"Abusive behavior"}]', 'emily.lee125@gmail.com', b'1', '이유정', 'emily125', 'emily1251', '010-5817-9342', '이유정입니다. 여행과 탐험을 좋아하며, 항상 새로운 경험을 추구합니다.', 'NORMAL', '["2024-01013", "2024-01014", "2024-01015", "2024-01016"]', 'NULL', '2024-10-10 12:05:00.000000', 'http://localhost:8080/upload/5123e3f8-12c3-42d3-9fad-5cbc808e0793.jpg', '2024-11-21 14:30:00.000000'),
	('7a92ae42-876c-4297-9b5c-95c6e7de2eda', 'USER', '[]', 'michael.james987@gmail.com', b'0', '김민준', 'mike987', 'mike98765', '010-2345-6789', '안녕하세요, 김민준입니다. 기술과 창의성에 관심이 많으며, 새로운 도전과 배움을 즐깁니다.', 'NORMAL', '["2024-01017", "2024-01018", "2024-01019", "2024-01020"]', 'NULL', '2024-11-05 13:00:00.000000', 'http://localhost:8080/upload/5123e3f8-12c3-42d3-9fad-5cbc808e0793.jpg', '2024-12-02 15:30:00.000000'),
	('7da7183d-1726-458a-a620-93590251ca85', 'USER', '[]', 'alex.kim567@gmail.com', b'0', '김하늘', 'alex567', 'alex5678', '010-2345-6789', '김하늘입니다. 저는 독서를 좋아하고, 새로운 것에 도전하는 것을 즐깁니다. 기술과 혁신에 관심이 많습니다.', 'NORMAL', '["2024-01021", "2024-01022", "2024-13946", "2024-14936"]', 'NULL', '2024-10-20 14:10:00.000000', 'http://localhost:8080/upload/5123e3f8-12c3-42d3-9fad-5cbc808e0793.jpg', '2024-12-01 16:25:00.000000'),
	('7ed679d4-def7-44a3-a58e-6c607a5e314c', 'USER', '[]', 'ella.park580@gmail.com', b'0', '박민영', 'ella580', 'ella5802', '010-9032-1168', '박민영입니다. IT 분야에서 다양한 프로젝트를 경험하며, 최신 기술을 지속적으로 배우고 있습니다.', 'NORMAL', '["2024-14958", "2024-17052", "2024-18435"]', 'NULL', '2024-07-15 10:00:00.000000', 'http://localhost:8080/upload/5123e3f8-12c3-42d3-9fad-5cbc808e0793.jpg', '2024-12-01 14:40:00.000000'),
	('85b95a95-fe4f-4465-98c7-d7ed00653668', 'USER', '[]', 'sophia.choi312@gmail.com', b'0', '최수현', 'sophia312', 'sophia3120', '010-8472-9301', '최수현입니다. 데이터 분석에 관심이 많으며, 항상 새로운 트렌드와 기술을 탐구하고 있습니다.', 'NORMAL', '["2024-19230", "2024-20358", "2024-25173", "2024-26743", "2024-28465"]', 'NULL', '2024-10-24 08:30:00.000000', 'http://localhost:8080/upload/5123e3f8-12c3-42d3-9fad-5cbc808e0793.jpg', '2024-12-02 13:10:00.000000'),
	('8e968eff-bb85-4cf0-a2c1-cb11bd0733fd', 'USER', '[]', 'lucas.park124@gmail.com', b'0', '이태훈', 'lucas124', 'lucas1245', '010-1357-2468', '이태훈입니다. IT와 관련된 모든 것에 관심이 많고, 새로운 기술을 적용하는 것을 즐깁니다.', 'NORMAL', '["2024-29185", "2024-30281", "2024-31245"]', 'NULL', '2024-10-25 14:45:00.000000', 'http://localhost:8080/upload/5123e3f8-12c3-42d3-9fad-5cbc808e0793.jpg', '2024-12-01 17:50:00.000000'),
	('8fb98fb6-6b3c-4a00-92f8-68a0f53bf0ae', 'USER', '[]', 'sophia.miller987@gmail.com', b'0', '박수민', 'sophia987', 'sophia9876', '010-6789-0123', '박수민입니다. 끊임없이 배우고 성장하는 것을 중요시하며, 다양한 분야에서 경험을 쌓고 있습니다.', 'NORMAL', '["2024-36784", "2024-37650", "2024-38729", "2024-39016"]', 'NULL', '2024-10-10 10:15:00.000000', 'http://localhost:8080/upload/5123e3f8-12c3-42d3-9fad-5cbc808e0793.jpg', '2024-12-03 12:40:00.000000'),
	('8fcc64bc-6018-4f24-9dce-ae7160bf106b', 'USER', '[]', 'mike.jones23@gmail.com', b'0', '박민수', 'mike23', 'mike12345', '010-4567-8901', '박민수입니다. 도전적인 일을 좋아하고, 문제 해결을 즐깁니다. 항상 적극적인 자세로 임하고 있습니다.', 'NORMAL', '["2024-39461", "2024-39802", "2024-41307", "2024-45193", "2024-47895"]', 'NULL', '2024-11-15 12:45:00.000000', 'http://localhost:8080/upload/5123e3f8-12c3-42d3-9fad-5cbc808e0793.jpg', '2024-11-30 11:20:00.000000'),
	('9119a18e-435c-4738-911c-0920fe538db3', 'USER', '[]', 'olivia.smith876@gmail.com', b'0', '박하늘', 'olivia876', 'olivia8765', '010-5678-1234', '박하늘입니다. 긍정적인 마인드를 가지고 있으며, 언제나 새로운 경험과 배움을 즐깁니다.', 'NORMAL', '["2024-50628", "2024-50671", "2024-50721", "2024-50783"]', 'NULL', '2024-09-22 12:35:00.000000', 'http://localhost:8080/upload/5123e3f8-12c3-42d3-9fad-5cbc808e0793.jpg', '2024-12-01 14:20:00.000000'),
	('935b6b3e-8181-48e7-9250-2380b9dc4861', 'USER', '[{"blackedDate":[2024,11,10,9,30],"blackReason":"Abusive behavior"}]', 'mike.choi563@gmail.com', b'1', '최우혁', 'mike563', 'mike5630', '010-9263-7482', '최우혁입니다. 새로운 도전과 기술을 좋아하며, 끊임없이 배워나가고 있습니다.', 'NORMAL', '["2024-53284", "2024-53890", "2024-56392", "2024-56742"]', 'NULL', '2024-07-30 16:50:00.000000', 'http://localhost:8080/upload/5123e3f8-12c3-42d3-9fad-5cbc808e0793.jpg', '2024-11-12 10:00:00.000000'),
	('953f9bef-b0bb-4f7d-8536-ca8c8aa04152', 'USER', '[]', 'nathan.smith432@gmail.com', b'0', '이서준', 'nathan432', 'nathan4321', '010-3579-4680', '이서준입니다. 프로젝트 관리와 팀워크를 중요하게 생각하며, 항상 새로운 도전과 기회를 찾고 있습니다.', 'NORMAL', '["2024-57640", "2024-58712", "2024-59874"]', 'NULL', '2024-11-03 18:10:00.000000', 'http://localhost:8080/upload/5123e3f8-12c3-42d3-9fad-5cbc808e0793.jpg', '2024-12-02 10:05:00.000000'),
	('9790d693-9538-4950-b6d9-e01befcbadac', 'USER', '[]', 'ella.jones345@gmail.com', b'0', '최예지', 'ella345', 'ella3456', '010-2345-6789', '최예지입니다. 창의적인 아이디어와 기술 혁신에 관심이 많습니다. 사람들과의 협력을 중요시합니다.', 'NORMAL', '["2024-60491", "2024-61230", "2024-62458", "2024-64839"]', 'NULL', '2024-10-29 15:20:00.000000', 'http://localhost:8080/upload/5123e3f8-12c3-42d3-9fad-5cbc808e0793.jpg', '2024-12-01 13:15:00.000000'),
	('99571590-bf45-4ad0-ac32-de1c7cb1b1ff', 'USER', '[]', 'alice.miller123@gmail.com', b'0', '최윤아', 'alice123', 'alice12345', '010-6789-0123', '최윤아입니다. 저는 모든 일을 성실히 해내며, 언제나 열정을 가지고 활동합니다. 다양한 사람들과 소통하는 것을 좋아합니다.', 'NORMAL', '["2024-82346","2024-45193"]', 'NULL', '2024-09-30 14:00:00.000000', 'http://localhost:8080/upload/5123e3f8-12c3-42d3-9fad-5cbc808e0793.jpg', '2024-12-02 16:25:00.000000'),
	('9d6fa4b8-7a0a-4abc-bfe4-6a2929a896e0', 'USER', '[]', 'lucas.wang789@gmail.com', b'0', '장윤호', 'lucas789', 'lucas78901', '010-3456-7890', '장윤호입니다. 창의적이고 혁신적인 아이디어를 제시하는 것을 좋아합니다. 다양한 사람들과 협업하는 것을 중요시합니다.', 'NORMAL', '["2024-01004", "2024-01005", "2024-01006", "2024-01007", "2024-01008"]', 'NULL', '2024-09-18 13:55:00.000000', 'http://localhost:8080/upload/5123e3f8-12c3-42d3-9fad-5cbc808e0793.jpg', '2024-12-02 17:40:00.000000'),
	('c6cbaf96-dc11-467e-939a-6cf69b165f7a', 'USER', '[]', 'alexander.yoon234@gmail.com', b'0', '박도현', 'alex234', 'alex2345', '010-8391-5620', '박도현입니다. 항상 기술을 배우고, 새로운 도전을 즐기며 개발에 열정을 쏟고 있습니다.', 'NORMAL', '["2024-01009", "2024-01010", "2024-01011"]', 'NULL', '2024-11-20 17:50:00.000000', 'http://localhost:8080/upload/5123e3f8-12c3-42d3-9fad-5cbc808e0793.jpg', '2024-12-01 16:30:00.000000'),
	('cdfc0ea0-cc93-4468-a50b-c89bd2071ef6', 'USER', '[]', 'olivia.lee123@gmail.com', b'0', '이서윤', 'olivia123', 'olivia1234', '010-5678-9012', '이서윤입니다. 혁신적인 아이디어를 제시하며, 도전적인 프로젝트에 참여하는 것을 즐깁니다. 팀워크와 협력을 중요시합니다.', 'NORMAL', '["2024-01012", "2024-01013", "2024-01014", "2024-01015", "2024-01016"]', 'NULL', '2024-11-02 16:50:00.000000', 'http://localhost:8080/upload/5123e3f8-12c3-42d3-9fad-5cbc808e0793.jpg', '2024-12-01 18:25:00.000000'),
	('d9870e59-0285-4aef-9fb8-f0b84bc422b4', 'USER', '[]', 'isabella.kim823@gmail.com', b'0', '최유진', 'isabella823', 'isabella8230', '010-8297-3145', '최유진입니다. 데이터 분석과 인공지능 분야에 흥미를 가지고, 꾸준히 공부하고 있습니다.', 'NORMAL', '["2024-01017", "2024-01018", "2024-01019", "2024-01020"]', 'NULL', '2024-11-02 15:30:00.000000', 'http://localhost:8080/upload/5123e3f8-12c3-42d3-9fad-5cbc808e0793.jpg', '2024-12-01 13:50:00.000000'),
	('dcb02621-65da-489b-98f7-0cbe85386d92', 'ADMIN', '[]', 'userone123@gmail.com', b'0', '김영희', '관리자', 'pass1234', '010-2345-6789', '안녕하세요! 김영희입니다. 열정적인 사람으로 성장하고 싶습니다. 다양한 사람들과 협력하고 도전하는 걸 좋아합니다.', 'NORMAL', '["2024-01021", "2024-01022"]', 'NULL', '2024-11-20 08:30:00.000000', 'http://localhost:8080/upload/5123e3f8-12c3-42d3-9fad-5cbc808e0793.jpg', '2024-12-01 14:50:00.000000'),
	('ddee4715-3069-46a9-afdc-221252a97814', 'USER', '[]', 'grace.joo254@gmail.com', b'0', '이현주', 'grace254', 'grace2543', '010-2598-1473', '이현주입니다. 소프트웨어 개발에 큰 관심이 있으며, 다양한 개발 환경을 경험하고 있습니다.', 'NORMAL', '["2024-13946", "2024-14936", "2024-14958"]', 'NULL', '2024-08-25 11:05:00.000000', 'http://localhost:8080/upload/5123e3f8-12c3-42d3-9fad-5cbc808e0793.jpg', '2024-12-03 09:00:00.000000'),
	('de7c3a39-186b-476b-9763-cc1ef2c3fadc', 'USER', '[]', 'emma.james122@gmail.com', b'0', '김유진', 'emma122', 'emma1224', '010-1938-2657', '김유진입니다. 사람들과의 소통과 협업을 중요하게 여기며, 항상 더 나은 결과를 위해 노력합니다.', 'NORMAL', '["2024-17052", "2024-18435", "2024-19230", "2024-20358"]', 'NULL', '2024-09-18 17:55:00.000000', 'http://localhost:8080/upload/5123e3f8-12c3-42d3-9fad-5cbc808e0793.jpg', '2024-12-03 09:30:00.000000'),
	('e8362a5d-c1ed-44ee-b500-4d78bab95476', 'USER', '[]', 'daniel.lee234@gmail.com', b'0', '이수호', 'daniel234', 'daniel2345', '010-1234-5678', '이수호입니다. 기술에 관심이 많고, 문제를 해결하는 것을 즐깁니다. 새로운 도전에 열려 있습니다.', 'NORMAL', '["2024-25173", "2024-26743", "2024-28465", "2024-29185"]', 'NULL', '2024-11-11 12:30:00.000000', 'http://localhost:8080/upload/5123e3f8-12c3-42d3-9fad-5cbc808e0793.jpg', '2024-12-03 09:15:00.000000'),
	('eefeb37c-8b04-4016-b8a9-53c2dd9593ca', 'USER', '[]', 'sophia.kim892@gmail.com', b'0', '조하린', 'sophia892', 'sophia8921', '010-6543-9876', '조하린입니다. 새로운 기술에 관심이 많고, 문제 해결을 위한 창의적 접근을 중요시합니다.', 'NORMAL', '["2024-30281", "2024-31245", "2024-36784"]', 'NULL', '2024-10-30 09:10:00.000000', 'http://localhost:8080/upload/5123e3f8-12c3-42d3-9fad-5cbc808e0793.jpg', '2024-12-02 16:00:00.000000'),
	('f56bff85-d3e5-4c05-9b73-d9441950467a', 'USER', '[]', 'olivia.park657@gmail.com', b'0', '최지우', 'olivia657', 'olivia6578', '010-4321-9876', '최지우입니다. 창의력과 기술 혁신에 열정을 가지고 있으며, 협력적인 환경에서 일하는 것을 좋아합니다.', 'NORMAL', '["2024-37650", "2024-38729", "2024-39016", "2024-39461"]', 'NULL', '2024-11-07 14:25:00.000000', 'http://localhost:8080/upload/5123e3f8-12c3-42d3-9fad-5cbc808e0793.jpg', '2024-12-02 18:00:00.000000'),
	('f78f04bf-eccd-4f7a-8389-6b241a7a6aae', 'USER', '[]', 'james.lee1123@gmail.com', b'0', '김지우', 'james1123', 'james11234', '010-5678-9012', '김지우입니다. 저는 문제를 해결하는 것을 좋아하고, 끊임없이 배우는 것을 즐깁니다. 도전적인 프로젝트를 선호합니다.', 'NORMAL', '["2024-39802", "2024-41307", "2024-45193", "2024-47895", "2024-50628"]', 'NULL', '2024-11-07 09:45:00.000000', 'http://localhost:8080/upload/5123e3f8-12c3-42d3-9fad-5cbc808e0793.jpg', '2024-12-01 13:30:00.000000');

-- 테이블 데이터 kkomoadopt.qna:~30 rows (대략적) 내보내기
INSERT IGNORE INTO `qna` (`qna_uid`, `answer_author`, `qna_answer`, `qna_answer_file`, `qna_content`, `qna_created_at`, `qna_id`, `qna_password`, `qna_request_file`, `qna_state`, `qna_title`, `qna_view_count`, `user_id`) VALUES
	('008259a9-9df6-4e2b-a3b2-6ebe348354a4', '관리자', '안녕하세요, 고객님. 해외 배송은 가능하나, 일부 국가에 대해서는 제한이 있을 수 있습니다. 배송비와 세금이 추가될 수 있으니, 고객센터로 문의 후 배송 국가를 확인해주세요.', '[]', '해외로도 배송이 가능한가요? 어떤 조건이 필요한지 알려주세요.', '2024-11-06 20:30:00.000000', 21, 132465, '[]', 'ANSCOMPLETE', '해외 배송 가능 여부', 0, '7da7183d-1726-458a-a620-93590251ca85'),
	('082c4f8d-0b50-428d-a46d-8ed454cef65f', '관리자', '안녕하세요, 고객님. 상품 페이지 하단에 \'리뷰 작성\' 버튼을 클릭하시면 리뷰를 남기실 수 있습니다. 리뷰 작성 시, 상품에 대한 평가와 함께 사진도 첨부 가능합니다.', '[]', '상품을 구매했는데, 리뷰를 작성하려고 하는데 어떻게 해야 하나요?', '2024-11-06 17:50:00.000000', 18, 246810, '[]', 'ANSCOMPLETE', '상품 리뷰 작성 방법', 0, '4b319be7-a20d-464f-9ad0-6bc5d401d48c'),
	('0aa4a8e6-17cb-4f8b-8a1e-44b2a2fbf1a8', '관리자', '안녕하세요, 고객님. 제품의 사용 설명서는 제품 페이지에서 다운로드 가능합니다. 또한, 이메일로도 전송해드릴 수 있습니다. 고객님의 이메일 주소를 알려주세요.', '[]', '제품 사용 설명서를 이메일로 받을 수 있을까요?', '2024-11-06 21:15:00.000000', 22, 852963, '[]', 'ANSCOMPLETE', '제품 사용 설명서 요청', 0, 'de7c3a39-186b-476b-9763-cc1ef2c3fadc'),
	('1db2e21b-8ff6-4339-ac22-afa6bd9631e9', '관리자', '안녕하세요, 고객님. 환불 처리는 보통 3~5일 내에 완료됩니다. 결제 방식에 따라 환불 시간이 다를 수 있으니, 참고 부탁드립니다.', '[]', '환불 요청을 했는데, 처리가 언제 될까요?', '2024-11-07 08:30:00.000000', 26, 123789, '[]', 'ANSCOMPLETE', '환불 요청 처리 시간', 0, '368de3a0-e332-4cbd-ac9f-eb8f39c7a97e'),
	('1f2cf8d8-b2bf-450a-94e9-aa34cc7248a5', '관리자', '안녕하세요, 고객님. 주문이 취소된 경우, 환불은 결제 방식에 따라 진행됩니다. 카드 결제는 3~5일 내 환불되며, 계좌이체는 5~7일 소요됩니다.', '[]', '주문이 취소되었는데, 환불은 어떻게 진행되나요?', '2024-11-06 22:05:00.000000', 23, 369258, '[]', 'ANSCOMPLETE', '취소된 주문에 대한 환불 절차', 0, '4b319be7-a20d-464f-9ad0-6bc5d401d48c'),
	('1ff02660-e3fd-49e8-8a8e-3ae5bd4af616', '관리자', '안녕하세요, 고객님. 배송 주소 변경은 상품이 출고되기 전까지 가능합니다. 고객센터로 연락을 주시면 주소 변경 절차를 도와드리겠습니다.', '[]', '주문한 상품의 배송 주소를 변경하고 싶습니다. 어떻게 해야 하나요?', '2024-11-06 15:30:00.000000', 16, 135792, '[]', 'ANSCOMPLETE', '배송 주소 변경 요청', 0, '85b95a95-fe4f-4465-98c7-d7ed00653668'),
	('21703323-9b4b-485b-a410-45269145de95', '관리자', '안녕하세요, 고객님. 쿠폰이 적용되지 않는 경우는 쿠폰 코드가 만료되었거나, 적용 가능한 상품군에 제한이 있을 수 있습니다. 자세한 사항은 고객센터로 문의 주시면 도와드리겠습니다.', '[]', '쿠폰을 사용하려고 했는데, 오류가 발생해서 적용되지 않습니다. 해결 방법을 알려주세요.', '2024-11-06 13:45:00.000000', 14, 112358, '[]', 'ANSCOMPLETE', '쿠폰 사용 시 오류 발생', 0, '0e3c7182-48fa-4d66-9f81-b5570b75424b'),
	('8c2a494f-cb36-4fb6-9ad9-5343803118e9', '관리자', '안녕하세요, 고객님. 환불을 원하시는 상품의 반품 절차를 안내드리겠습니다. 상품 반품 후 환불 처리해드리겠습니다.', '[]', '상품이 마음에 들지 않아서 환불을 요청하고 싶습니다. 환불 절차를 안내해 주세요.', '2024-11-05 16:10:00.000000', 3, 789012, '[]', 'ANSCOMPLETE', '환불 절차에 대해 문의드립니다.', 0, '368de3a0-e332-4cbd-ac9f-eb8f39c7a97e'),
	('900c0f45-0897-4185-bca3-c379108be914', '관리자', '안녕하세요, 고객님. 회원 탈퇴는 계정 관리 페이지에서 직접 진행할 수 있습니다. 탈퇴 버튼을 클릭하면 관련 절차가 안내됩니다.', '[]', '회원 탈퇴를 하고 싶습니다. 탈퇴 절차를 알려주세요.', '2024-11-05 22:30:00.000000', 10, 918273, '[]', 'ANSCOMPLETE', '회원 탈퇴 방법 문의', 0, '348d99fe-8c08-436a-8597-31c64598a2f0'),
	('90e34c2b-7679-4f98-ae6f-687b4705fff9', '관리자', '안녕하세요, 고객님. 카드 결제 오류는 여러 원인에 의해 발생할 수 있습니다. 카드 정보 입력 오류, 결제 한도 초과 등을 확인해 주세요. 만약 문제가 계속된다면, 고객센터로 문의해 주세요.', '[]', '카드 결제 중 오류가 발생했어요. 해결 방법을 알려주세요.', '2024-11-06 23:45:00.000000', 25, 654321, '[]', 'ANSCOMPLETE', '카드 결제 오류 해결 방법', 0, '8fcc64bc-6018-4f24-9dce-ae7160bf106b'),
	('9c5167a9-139d-4812-be78-5d488598bbfb', '관리자', '안녕하세요, 고객님. 해당 제품은 간단한 사용법이 포함된 매뉴얼을 제공하고 있습니다. 첨부된 파일을 참고하시거나, 추가적인 설명이 필요하시면 다시 문의 주세요.', '[]', '구매한 제품의 사용법이 잘 이해되지 않습니다. 사용법을 자세히 알려주세요.', '2024-11-05 20:10:00.000000', 8, 567890, '[]', 'ANSCOMPLETE', '제품 사용법 문의', 0, '06a99a75-7bed-4943-9b7b-9ef9a1377bf3'),
	('a5bc6c72-ea51-45f5-9348-d6b4df98fba0', '관리자', '안녕하세요, 고객님. 쿠폰은 결제 시 쿠폰 코드를 입력하시면 할인이 적용됩니다. 쿠폰 코드 입력란을 확인해 주세요.', '[]', '쿠폰을 받았는데 어떻게 사용해야 하는지 잘 모르겠습니다. 사용 방법을 안내해주세요.', '2024-11-05 18:00:00.000000', 5, 987654, '[]', 'ANSCOMPLETE', '쿠폰 사용 방법에 대해 문의드립니다.', 0, '506bedb9-fa45-4700-8372-bee147a12ec2'),
	('a8aebc7a-e47a-4aa3-82ec-25cd7874e2ba', '관리자', '안녕하세요, 고객님. 주문하신 상품은 내일 출고 예정입니다. 자세한 배송 일정은 주문 확인 페이지에서 확인 가능합니다.', '[]', '상품을 주문했는데 배송이 언제 시작되는지 궁금합니다. 배송 일정에 대해 알려주세요.', '2024-11-05 15:00:00.000000', 2, 654321, '[]', 'ANSCOMPLETE', '배송이 언제 시작되나요?', 0, '8fcc64bc-6018-4f24-9dce-ae7160bf106b'),
	('aa9a822c-dfaf-4f89-9e2c-8b4c7aff45d9', '관리자', '안녕하세요, 고객님. 할인 코드는 결제 시 코드 입력란에 입력하시면 적용됩니다. 일부 할인 코드는 특정 상품에만 사용 가능하므로, 해당 코드가 유효한지 확인해 주세요.', '[]', '할인 코드를 얻었는데, 어떻게 사용해야 할지 모르겠습니다. 사용 방법을 알려주세요.', '2024-11-06 11:25:00.000000', 12, 753159, '[]', 'ANSCOMPLETE', '할인 코드 사용 방법 문의', 0, '4b319be7-a20d-464f-9ad0-6bc5d401d48c'),
	('b1e08383-04c0-428f-8dca-dd71a3ed6c20', NULL, NULL, '[]', '이 제품은 품절인가요? 재입고 예정이 있나요?', '2024-11-07 10:20:00.000000', 28, 964258, '[]', 'ANSWAIT', '제품 품절 여부 확인', 0, '9d6fa4b8-7a0a-4abc-bfe4-6a2929a896e0'),
	('b9b96254-d900-436f-a4b4-d9476dd09b00', '관리자', '안녕하세요, 고객님. 결제 취소는 결제 완료 후 24시간 이내에 가능합니다. 취소를 원하시면 고객센터로 연락 주시기 바랍니다.', '[]', '결제 후 취소를 요청하고 싶습니다. 취소 절차를 알려주세요.', '2024-11-06 14:55:00.000000', 15, 654321, '[]', 'ANSCOMPLETE', '결제 취소 요청', 0, '8e968eff-bb85-4cf0-a2c1-cb11bd0733fd'),
	('bb0d9135-9f89-47b6-bb7a-65edf8f3f1f8', NULL, NULL, '[]', '배송 중인 상품을 추적하려면 어떻게 해야 하나요?', '2024-11-07 12:15:00.000000', 30, 741852, '[]', 'ANSWAIT', '배송 추적 방법', 0, '953f9bef-b0bb-4f7d-8536-ca8c8aa04152'),
	('be281f03-459f-471c-9d39-3cd0b2b86f64', '관리자', '안녕하세요, 고객님. 적립금은 결제 페이지에서 사용 가능합니다. 결제 시 \'적립금 사용\' 버튼을 클릭한 후, 사용하실 적립금을 입력해 주세요.', '[]', '적립금을 사용하고 싶습니다. 어떻게 사용하나요?', '2024-11-06 16:40:00.000000', 17, 987654, '[]', 'ANSCOMPLETE', '적립금 사용 방법', 0, '9790d693-9538-4950-b6d9-e01befcbadac'),
	('c50580b0-c50a-4961-8703-88bf0767765b', '관리자', '안녕하세요, 고객님. 회원 탈퇴는 고객센터를 통해 요청하셔야 합니다. 요청 후, 계정이 삭제되는 과정은 3~5일 소요될 수 있습니다.', '[]', '회원 탈퇴를 하려고 하는데, 절차를 알려 주세요.', '2024-11-06 18:20:00.000000', 19, 112233, '[]', 'ANSCOMPLETE', '회원 탈퇴 방법', 0, '06a99a75-7bed-4943-9b7b-9ef9a1377bf3'),
	('c97cff74-203d-44ac-8026-f9a4b107887d', '관리자', '안녕하세요, 고객님. 정기 배송 서비스는 상품 페이지에서 \'정기 배송 신청\' 옵션을 선택하여 가입하실 수 있습니다. 배송 주기와 제품을 선택한 후, 결제를 완료해 주세요.', '[]', '정기 배송 서비스를 사용하려면 어떻게 해야 하나요?', '2024-11-06 23:00:00.000000', 24, 741258, '[]', 'ANSCOMPLETE', '정기 배송 서비스 사용 방법', 0, '506bedb9-fa45-4700-8372-bee147a12ec2'),
	('ddeb04fa-2454-4f62-9800-0fbe81e18fd3', NULL, NULL, '[]', '적립 포인트는 어떻게 사용하나요? 결제 시 적용 가능한가요?', '2024-11-07 11:00:00.000000', 29, 356741, '[]', 'ANSWAIT', '적립 포인트 사용 방법', 0, 'd9870e59-0285-4aef-9fb8-f0b84bc422b4'),
	('de75710c-e8d6-44ff-8619-e8fddede31ef', '관리자', '안녕하세요, 고객님. 상품 주문 취소는 고객센터를 통해 가능합니다. 고객님의 주문 번호를 알려주시면 빠르게 처리해드리겠습니다. 감사합니다.', '[]', '안녕하세요, 상품을 잘못 주문해서 취소하고 싶은데 방법을 알 수 있을까요? 주문 취소 절차에 대해 안내 부탁드립니다.', '2024-11-05 14:30:00.000000', 1, 123456, '[]', 'ANSCOMPLETE', '상품 주문 취소 방법에 대해 문의드립니다.', 0, '08ff8005-3bae-453c-b2f9-d6fa24b57901'),
	('e7cf3fe7-ee8f-43f0-836d-2d8cc76cad30', '관리자', '안녕하세요, 고객님. 주문 취소는 상품이 출고되기 전까지 가능합니다. 출고 후에는 취소가 불가능하므로, 빠르게 고객센터로 연락 주시기 바랍니다.', '[]', '주문 후 취소가 가능한지 궁금합니다. 취소 정책을 알려 주세요.', '2024-11-06 19:10:00.000000', 20, 543210, '[]', 'ANSCOMPLETE', '주문 취소 정책', 0, '9d6fa4b8-7a0a-4abc-bfe4-6a2929a896e0'),
	('ec16bd2e-3224-4767-b9af-7835c3cb2f68', '관리자', '안녕하세요, 고객님. 적립금은 결제 시 \'적립금 사용\' 항목에서 사용할 수 있습니다. 결제 페이지에서 확인해 주세요.', '[]', '적립금을 어떻게 사용할 수 있는지 궁금합니다. 결제 시 적립금을 사용할 수 있는지 알려주세요.', '2024-11-05 18:30:00.000000', 6, 135792, '[]', 'ANSCOMPLETE', '적립금 사용 방법을 알고 싶습니다.', 0, '9d6fa4b8-7a0a-4abc-bfe4-6a2929a896e0'),
	('ecf31348-9563-4d11-ab9e-41d989082417', '관리자', '안녕하세요, 고객님. 제품 교환은 구매 후 7일 이내에 가능하며, 교환을 원하시면 고객센터에 문의 주시고, 제품 상태를 확인한 후 진행됩니다.', '[]', '구매한 제품을 교환하고 싶은데, 절차가 어떻게 되나요?', '2024-11-07 09:10:00.000000', 27, 547852, '[]', 'ANSCOMPLETE', '제품 교환 절차', 0, '06a99a75-7bed-4943-9b7b-9ef9a1377bf3'),
	('ed10cd13-48e4-402b-930e-ddfce7ca1114', '관리자', '안녕하세요, 고객님. 반품은 상품 수령 후 14일 이내에 가능합니다. 반품 신청서를 작성한 후, 상품을 원래 포장 상태로 보내주세요. 자세한 내용은 첨부된 반품 절차를 참고해 주세요.', '[]', '구매한 상품이 맘에 들지 않아 반품을 원합니다. 반품 절차를 설명해 주세요.', '2024-11-06 12:35:00.000000', 13, 202305, '[]', 'ANSCOMPLETE', '반품 절차에 대한 문의', 0, '506bedb9-fa45-4700-8372-bee147a12ec2'),
	('eff2e514-ed04-426b-baa0-6d03ab8f99f0', '관리자', '안녕하세요, 고객님. 배송지 변경은 상품이 출발하기 전에만 가능합니다. 변경을 원하시면 고객센터로 연락 주시면 바로 처리해드리겠습니다.', '[]', '상품 배송 전에 배송지를 변경하고 싶습니다. 어떻게 처리해야 하나요?', '2024-11-05 21:20:00.000000', 9, 102938, '[]', 'ANSCOMPLETE', '배송지 변경 요청', 0, '9790d693-9538-4950-b6d9-e01befcbadac'),
	('f1c11198-2e15-47a2-8c3c-446dff7267b3', '관리자', '안녕하세요, 고객님. 세금 계산서는 고객님의 주문 내역을 바탕으로 발급이 가능합니다. 발급 절차는 고객센터를 통해 진행됩니다. 자세한 사항은 고객센터로 문의 부탁드립니다.', '[]', '세금 계산서를 발급받고 싶은데 어떻게 해야 하나요? 발급 절차를 안내해 주세요.', '2024-11-05 19:00:00.000000', 7, 246801, '[]', 'ANSCOMPLETE', '세금 계산서 발급 관련 문의', 0, 'f78f04bf-eccd-4f7a-8389-6b241a7a6aae'),
	('faa44153-c42c-4d6e-acfd-d6c58c45a0b7', '관리자', '안녕하세요, 고객님. 로그인 오류는 비밀번호가 잘못 입력되었을 가능성이 있습니다. 비밀번호 재설정을 시도해 보시기 바랍니다.', '[]', '회원가입 후 로그인 시 오류가 발생합니다. 아이디와 비밀번호를 입력했는데 계속 로그인되지 않습니다. 해결 방법을 알려주세요.', '2024-11-05 17:30:00.000000', 4, 345678, '[]', 'ANSCOMPLETE', '회원가입 후 로그인 오류 발생', 0, '99571590-bf45-4ad0-ac32-de1c7cb1b1ff'),
	('fec9f183-9601-41e0-8628-886a8402aa02', '관리자', '안녕하세요, 고객님. 교환은 상품을 수령한 날로부터 7일 이내에 가능합니다. 상품 상태가 원래와 동일해야 하며, 교환을 원하시는 상품과 동일한 카테고리에서 진행됩니다.', '[]', '구매한 상품이 마음에 들지 않아서 교환을 하고 싶은데, 교환 절차가 어떻게 되나요?', '2024-11-06 10:15:00.000000', 11, 314159, '[]', 'ANSCOMPLETE', '교환 정책에 관한 질문', 0, '8fb98fb6-6b3c-4a00-92f8-68a0f53bf0ae');


-- 테이블 데이터 kkomoadopt.visit_request:~30 rows (대략적) 내보내기
INSERT IGNORE INTO `visit_request` (`request_uid`, `phone_num`, `request_id`, `visit_content`, `visit_created_at`, `visit_date`, `visit_purpose`, `visit_time`, `user_id`) VALUES
	('2847d873-36d3-4f83-9f83-24637a2e6301', '010-4725-6389', 29, '방문 요청 내용: 기부를 위해 필요한 물품을 전달하고 싶습니다.', '2025-01-06 11:30:00.000000', '2025-01-07', 'DONATE', 'TIME6', '64fb3d86-2207-4768-a4d5-da7df314a447'),
	('2d7831b0-2847-4fc5-9ffd-5133f4f95c4a', '010-1234-5678', 15, '방문 요청 내용: 기타 여러 가지 문의 사항에 대해 직접 상담을 요청합니다.', '2024-12-23 09:00:00.000000', '2024-12-24', 'OTHER', 'TIME4', '4651812a-ecf6-4422-b6a4-775620724175'),
	('37571925-9849-41af-b9ef-3864e4a16ff4', '010-4567-8901', 2, '방문 요청 내용: 입양을 위한 상담을 요청드립니다. 집안 환경을 확인하고 싶습니다.', '2024-12-10 09:00:00.000000', '2024-12-11', 'ADOPT', 'TIME3', '8fcc64bc-6018-4f24-9dce-ae7160bf106b'),
	('382e0922-9416-455b-bf36-1139b2cfa3e8', '010-1234-5678', 5, '방문 요청 내용: 기타 문제로 상담을 요청드립니다. 자세한 내용은 방문 후 설명드리겠습니다.', '2024-12-13 11:00:00.000000', '2024-12-14', 'OTHER', 'TIME6', '506bedb9-fa45-4700-8372-bee147a12ec2'),
	('389d2e25-7c65-4692-9593-3a969511a3b6', '010-5678-1234', 23, '방문 요청 내용: 기부를 위한 물품 전달을 요청드립니다.', '2024-12-31 09:00:00.000000', '2025-01-01', 'DONATE', 'TIME6', '9119a18e-435c-4738-911c-0920fe538db3'),
	('4832b7fc-1872-43c1-9f0e-c2b5fd3d5a4d', '010-2468-1357', 21, '방문 요청 내용: 서비스 관련 문의 및 상담을 위해 방문을 요청드립니다.', '2024-12-29 10:00:00.000000', '2024-12-30', 'VISIT', 'TIME4', '471432b6-ff68-4f1d-a987-45b0c99ee32e'),
	('51727648-639b-427f-871f-7c4d8bde31ea', '010-5678-9012', 13, '방문 요청 내용: 입양 절차에 대한 정보를 얻기 위해 방문을 요청드립니다.', '2024-12-21 11:00:00.000000', '2024-12-22', 'ADOPT', 'TIME2', 'f78f04bf-eccd-4f7a-8389-6b241a7a6aae'),
	('57748bdf-d488-4af3-aa7f-7ec9a71fb739', '010-2345-6789', 11, '방문 요청 내용: 제품 설명 및 서비스 지원을 위한 방문을 요청드립니다.', '2024-12-19 09:00:00.000000', '2024-12-20', 'VISIT', 'TIME6', '7da7183d-1726-458a-a620-93590251ca85'),
	('586a4e0a-8765-40f6-b718-08d7f1aa7907', '010-3456-7890', 12, '방문 요청 내용: 서비스 진행을 위한 기술 지원을 요청드립니다.', '2024-12-20 10:30:00.000000', '2024-12-21', 'SERVICE', 'TIME1', '9d6fa4b8-7a0a-4abc-bfe4-6a2929a896e0'),
	('599265b0-131c-4206-a72f-328c3c758dd0', '010-6543-9876', 24, '방문 요청 내용: 입양에 관한 상담을 요청합니다. 입양 절차를 설명해 주세요.', '2025-01-01 11:00:00.000000', '2025-01-02', 'ADOPT', 'TIME1', 'eefeb37c-8b04-4016-b8a9-53c2dd9593ca'),
	('5c3d99bb-d656-48f1-9b79-d638587bf8e8', '010-3456-7890', 1, '방문 요청 내용: 고객 서비스 상담을 위해 방문을 요청합니다. 추가로 제품 문의도 진행하고 싶습니다.', '2024-12-09 10:00:00.000000', '2024-12-10', 'VISIT', 'TIME2', '08ff8005-3bae-453c-b2f9-d6fa24b57901'),
	('5cced176-aa2d-4631-b902-c1ceac1dde47', '010-5678-9012', 8, '방문 요청 내용: 입양을 위한 상담을 요청드립니다. 입양 절차에 대해 알고 싶습니다.', '2024-12-16 09:30:00.000000', '2024-12-17', 'ADOPT', 'TIME3', '54a8cbc2-b17e-419a-b22f-8cf7bb795c29'),
	('5eb69da0-3e3d-40db-b717-3d629e67cf9e', '010-2468-1357', 28, '방문 요청 내용: 기술 지원을 위한 서비스 방문을 요청드립니다.', '2025-01-05 10:00:00.000000', '2025-01-06', 'SERVICE', 'TIME5', '471432b6-ff68-4f1d-a987-45b0c99ee32e'),
	('6c06c796-bcde-4a37-b47b-40b47660eeda', '010-3456-7890', 17, '방문 요청 내용: 입양 가능 여부와 절차에 대한 상담을 받고자 합니다.', '2024-12-25 08:30:00.000000', '2024-12-26', 'ADOPT', 'TIME6', '348d99fe-8c08-436a-8597-31c64598a2f0'),
	('6e904b3e-c97f-4b9d-a8df-9483a8b7f9bc', '010-3579-4680', 22, '방문 요청 내용: 기술적인 지원과 서비스를 요청드립니다. 문제 해결을 위해 방문을 요청합니다.', '2024-12-30 14:30:00.000000', '2024-12-31', 'SERVICE', 'TIME5', '953f9bef-b0bb-4f7d-8536-ca8c8aa04152'),
	('7308cb4d-ead9-4f67-b2d6-b70f64344292', '010-7654-3210', 25, '방문 요청 내용: 기타 문의 사항에 대해 상담을 요청합니다.', '2025-01-02 12:00:00.000000', '2025-01-03', 'OTHER', 'TIME2', '5adbccb7-1587-4650-b6b9-776fb0b09ed8'),
	('8702cdcf-fa8a-4a85-aedd-445d8ed74840', '010-4321-9876', 26, '방문 요청 내용: 제품을 사용해본 후 더 많은 정보가 필요하여 방문을 요청드립니다.', '2025-01-03 13:30:00.000000', '2025-01-04', 'VISIT', 'TIME3', 'f56bff85-d3e5-4c05-9b73-d9441950467a'),
	('9af6914c-28c4-4b80-8bea-51b196ba9e5a', '010-1234-5678', 20, '방문 요청 내용: 기타 문의 사항에 대한 해결을 요청합니다.', '2024-12-28 14:00:00.000000', '2024-12-29', 'OTHER', 'TIME3', '365e8eed-7ccc-4541-be88-55acb3390521'),
	('9bdc1841-4501-4de3-b4ee-298d54ba42e9', '010-1938-2657', 27, '방문 요청 내용: 입양을 고려하고 있으며, 관련 절차에 대해 상담을 받고 싶습니다.', '2025-01-04 14:00:00.000000', '2025-01-05', 'ADOPT', 'TIME4', 'de7c3a39-186b-476b-9763-cc1ef2c3fadc'),
	('b8dc26e4-7060-4e44-9bfb-5d96faf69fee', '010-6789-0123', 14, '방문 요청 내용: 기부를 위해 필요한 절차와 물품에 대해 안내 받기를 원합니다.', '2024-12-22 14:00:00.000000', '2024-12-23', 'DONATE', 'TIME3', '06a99a75-7bed-4943-9b7b-9ef9a1377bf3'),
	('c19a7c83-d8f2-4826-ac86-6ac6a1d17660', '010-6789-0123', 4, '방문 요청 내용: 고객 서비스에 관한 문제 해결을 위해 방문 요청드립니다.', '2024-12-12 08:45:00.000000', '2024-12-13', 'SERVICE', 'TIME5', '99571590-bf45-4ad0-ac32-de1c7cb1b1ff'),
	('c762b23f-c42b-4608-b476-87bcf209e261', '010-6789-0123', 19, '방문 요청 내용: 기부할 물품에 대한 안내를 받고 싶습니다.', '2024-12-27 11:15:00.000000', '2024-12-28', 'DONATE', 'TIME2', '8fb98fb6-6b3c-4a00-92f8-68a0f53bf0ae'),
	('c9908a97-1b21-4039-8633-9e99f380d104', '010-6789-0123', 9, '방문 요청 내용: 제품 수리 및 점검을 위해 서비스팀의 방문을 요청드립니다.', '2024-12-17 15:45:00.000000', '2024-12-18', 'SERVICE', 'TIME4', '67e2314d-528d-46ba-bcb8-fb9401c92793'),
	('d9c606cf-5282-4d48-83a3-029dd68b471f', '010-5678-9012', 3, '방문 요청 내용: 기부를 진행하려고 합니다. 필요한 물품에 대한 정보도 알고 싶습니다.', '2024-12-11 10:30:00.000000', '2024-12-12', 'DONATE', 'TIME4', '368de3a0-e332-4cbd-ac9f-eb8f39c7a97e'),
	('f1793747-25a7-481e-bf5d-07c60bd796d0', '010-3456-7890', 7, '방문 요청 내용: 기부금과 필요한 물품들을 전달하고자 합니다.', '2024-12-15 16:00:00.000000', '2024-12-16', 'DONATE', 'TIME2', '5bd48115-9536-4151-865c-057d073b2dc2'),
	('f6f45e76-8386-4829-aa6f-331ed41f1d11', '010-1234-5678', 10, '방문 요청 내용: 기타 문의 사항에 대해 직접 상담을 요청합니다.', '2024-12-18 13:00:00.000000', '2024-12-19', 'OTHER', 'TIME5', 'e8362a5d-c1ed-44ee-b500-4d78bab95476'),
	('f7b71fa3-ac36-4207-add0-4e9a9bd128af', '010-5678-9012', 18, '방문 요청 내용: 서비스 관련 지원이 필요하여 방문을 요청합니다.', '2024-12-26 13:00:00.000000', '2024-12-27', 'SERVICE', 'TIME1', 'cdfc0ea0-cc93-4468-a50b-c89bd2071ef6'),
	('f83e48f8-6df3-4da8-8a2a-6a86213a6bd9', '010-2345-6789', 16, '방문 요청 내용: 상담을 요청하며, 제품에 대한 자세한 설명을 듣고 싶습니다.', '2024-12-24 12:00:00.000000', '2024-12-25', 'VISIT', 'TIME5', '9790d693-9538-4950-b6d9-e01befcbadac'),
	('fbd714a4-e374-4bfc-a72f-29ca400254bf', '010-6548-9075', 30, '방문 요청 내용: 기타 문의 사항에 대해 상담을 요청합니다.', '2025-01-07 12:30:00.000000', '2025-01-08', 'OTHER', 'TIME1', '17df9a6d-50ac-4978-8515-de4c2669b83a'),
	('fdb4c4d0-e359-42f2-9289-de4e52c6469c', '010-2345-6789', 6, '방문 요청 내용: 시설 점검 및 미팅을 위해 방문을 요청드립니다.', '2024-12-14 14:00:00.000000', '2024-12-15', 'VISIT', 'TIME1', '7a92ae42-876c-4297-9b5c-95c6e7de2eda');

/*!40103 SET TIME_ZONE=IFNULL(@OLD_TIME_ZONE, 'system') */;
/*!40101 SET SQL_MODE=IFNULL(@OLD_SQL_MODE, '') */;
/*!40014 SET FOREIGN_KEY_CHECKS=IFNULL(@OLD_FOREIGN_KEY_CHECKS, 1) */;
/*!40101 SET CHARACTER_SET_CLIENT=@OLD_CHARACTER_SET_CLIENT */;
/*!40111 SET SQL_NOTES=IFNULL(@OLD_SQL_NOTES, 1) */;